cluster,soft_size,reg_shots_per60,reg_goals_per60,reg_assists_per60,reg_points_per60,reg_hits_per60,reg_blocked_shots_per60,reg_takeaways_per60,reg_giveaways_per60,reg_pim_per60,reg_pp_share,reg_pk_share,reg_fo_pct,reg_fo_taken_per_game,prototype_players
0,116.10691750834178,7.3183598026845065,0.8070819248674663,1.053890467197484,1.8609723920649504,6.435880224498757,1.1309451773305825,1.5662854145902283,2.2925626597200837,3.4892115876699505,0.0,0.0,0.0,0.0,N. Kapanen (DAL) p=1.00 | T. Fleury (NYR) p=1.00 | K. Tkachuk (STL) p=1.00 | J. Thornton (BOS) p=1.00 | M. Rycroft (STL) p=1.00 | E. Lindros (NYR) p=1.00 | T. Bertuzzi (VAN) p=1.00 | R. Simicek (MIN) p=1.00 | J. MacLean (DAL) p=1.00 | J. Williams (DET) p=1.00 | B. Holik (NJD) p=1.00 | S. Mellanby (STL) p=1.00
1,165.51789958937798,7.145906729847633,0.8571370734964844,1.2571693406359095,2.1143064141323937,2.368490889619868,1.2224677463882492,1.9527787706985023,2.293967453557706,1.4426278996041255,0.0,0.0,0.0,0.0,S. Yzerman (DET) p=1.00 | B. Harkins (CBJ) p=1.00 | A. Cassels (VAN) p=1.00 | B. Morrison (VAN) p=1.00 | A. Oates (WSH/PHI) p=1.00 | J. Sakic (COL) p=1.00 | M. York (NYR/EDM) p=1.00 | M. Lemieux (PIT) p=1.00 | C. Ronning (NSH/LAK) p=1.00 | B. Hull (DET) p=1.00 | R. Francis (CAR) p=1.00 | D. Langkow (PHX) p=1.00
2,136.4202473175799,5.566281117060918,0.4913419898487886,0.7153837210675612,1.2067257109163496,4.972958402440109,2.0288831145458945,1.8188776745436808,1.498761672402939,1.952927066719288,0.0,0.0,0.0,0.0,E. Beaudoin (FLA) p=1.00 | D. Bylsma (ANA) p=1.00 | M. Sullivan (PHX) p=1.00 | S. Dubinsky (NSH/CHI) p=1.00 | S. Yelle (COL) p=1.00 | S. Aubin (CBJ) p=1.00 | M. Dandenault (DET) p=1.00 | T. Taylor (TBL) p=1.00 | W. Walz (MIN) p=1.00 | A. Chubarov (VAN) p=1.00 | C. Brown (BUF) p=1.00 | E. Messier (COL) p=1.00
3,78.95493558470034,5.108620159771009,0.40183728351016895,0.5919394144141409,0.9937766979243098,11.715976710270175,1.5004465715707271,1.299538048578643,1.5836503659350163,18.140529828171026,0.0,0.0,0.0,0.0,C. McAllister (PHI) p=1.00 | F. Lessard (ATL) p=1.00 | D. Lambert (ANA) p=1.00 | A. Mair (LAK) p=1.00 | R. Vandenbussche (CHI) p=1.00 | R. Low (STL) p=1.00 | D. Langdon (CAR) p=1.00 | P. Stock (BOS) p=1.00 | R. Simpson (NSH/MTL) p=1.00 | A. Downey (CHI) p=1.00 | S. Grimson (NSH) p=1.00 | K. Oliwa (PIT) p=1.00
