cluster,soft_size,reg_shots_per60,reg_goals_per60,reg_assists_per60,reg_points_per60,reg_hits_per60,reg_blocked_shots_per60,reg_takeaways_per60,reg_giveaways_per60,reg_pim_per60,reg_pp_share,reg_pk_share,reg_fo_pct,reg_fo_taken_per_game,prototype_players
0,98.02517540267121,2.4985847293371624,0.07378004133759032,0.4387210198111235,0.5125010611487137,4.438072526347458,5.192572020566326,0.9456202429507052,1.9007762700337043,2.69667236293865,0.0,0.0,0.0,0.0,J. Smith (EDM) p=1.00 | A. Volchenkov (OTT) p=1.00 | C. White (NJD) p=1.00 | A. Lilja (DET) p=1.00 | M. Greene (EDM) p=1.00 | A. Ward (NYR/BOS) p=1.00 | T. Lydman (BUF) p=1.00 | M. Eaton (PIT) p=0.99 | B. Witt (NYI) p=0.99 | B. Allen (BOS) p=0.99 | J. McKee (STL) p=0.99 | G. Exelby (ATL) p=0.99
1,33.94376627083767,4.4923348331874715,0.3111730012054771,0.5174390597886616,0.8286120609941386,5.274771832727962,3.683629308029398,0.7659717376134473,1.8250092847018784,4.713860773530576,0.0,0.0,0.0,0.0,M. Roy (EDM) p=1.00 | K. Letang (PIT) p=1.00 | D. Walser (CBJ) p=1.00 | D. Richmond (CHI) p=1.00 | J. Johnson (LAK) p=1.00 | S. Montador (FLA) p=1.00 | T. Mojzis (STL) p=1.00 | R. Davison (SJS) p=1.00 | K. Quincey (DET) p=1.00 | Y. Tremblay (VAN) p=1.00 | C. Schubert (OTT) p=1.00 | B. Muir (WSH) p=1.00
2,59.72738258474842,4.692530639319932,0.268616763072304,0.8005027475184725,1.069119510590776,3.7723775641316055,3.662012786573336,0.84671246576749,1.8470383788142617,2.6780718168073308,0.0,0.0,0.0,0.0,B. McCabe (TOR) p=1.00 | Z. Chara (BOS) p=1.00 | A. Meszaros (OTT) p=1.00 | M. Ohlund (VAN) p=0.99 | L. Nycholat (WSH/OTT) p=0.99 | J. Bouwmeester (FLA) p=0.99 | J. Leopold (COL) p=0.99 | D. Tanabe (CAR) p=0.99 | B. Lebda (DET) p=0.99 | S. McCarthy (ATL) p=0.99 | K. Foster (MIN) p=0.98 | M. Zidlicky (NSH) p=0.98
3,71.3036757417427,3.961119178893847,0.2404370599655297,0.9849686237909622,1.225405683756492,2.0793200780005066,4.213940390080144,1.2026212713488391,2.197147465733508,1.7516877713361054,0.0,0.0,0.0,0.0,A. Markov (MTL) p=1.00 | B. Rafalski (NJD) p=1.00 | L. Visnovsky (LAK) p=1.00 | S. Zubov (DAL) p=1.00 | M. Bergeron (EDM/NYI) p=1.00 | T. Kaberle (TOR) p=1.00 | J. Liles (COL) p=1.00 | R. Jones (PHI) p=1.00 | T. Poti (NYI) p=1.00 | B. Campbell (BUF) p=1.00 | B. Clark (COL) p=1.00 | P. Ranger (TBL) p=1.00
