cluster,soft_size,reg_shots_per60,reg_goals_per60,reg_assists_per60,reg_points_per60,reg_hits_per60,reg_blocked_shots_per60,reg_takeaways_per60,reg_giveaways_per60,reg_pim_per60,reg_pp_share,reg_pk_share,reg_fo_pct,reg_fo_taken_per_game,prototype_players
0,96.55544206093455,4.708387310759899,0.27569763156052174,0.8087890391219985,1.0844866706825202,0.9208563769521124,0.949318338996259,0.3228221171471014,0.7133169883452476,1.7665799056640257,0.0,0.0,0.0,0.0,8448960 (STL) p=1.00 | 8462032 (BOS) p=1.00 | 8447989 (CHI/TOR) p=1.00 | 8457403 (LAK) p=1.00 | 8464966 (COL) p=1.00 | 8460521 (PHX) p=1.00 | 8458951 (WSH) p=1.00 | 8446407 (PHI) p=1.00 | 8465012 (NYR) p=1.00 | 8460493 (NJD) p=1.00 | 8460757 (PIT) p=1.00 | 8448769 (NYR) p=1.00
1,62.9552070802612,2.6567908470074078,0.07206460047805126,0.3582517768285481,0.4303163773065994,1.182751253660706,1.0202542391544482,0.19946498093926493,0.5580812965803551,1.974928811728452,0.0,0.0,0.0,0.0,8469691 (EDM) p=0.99 | 8460520 (TBL) p=0.99 | 8448770 (NYR) p=0.98 | 8458518 (CBJ) p=0.98 | 8468498 (PIT) p=0.98 | 8456149 (MTL) p=0.98 | 8450824 (CBJ) p=0.98 | 8445428 (PIT/TBL) p=0.98 | 8459700 (PIT) p=0.98 | 8459538 (TBL) p=0.97 | 8447979 (NSH) p=0.97 | 8466443 (PHX) p=0.97
2,31.355120397926786,3.8386279937958565,0.2505036571602046,0.5012303983139272,0.7517340554741321,4.157633828207943,2.357904519866191,0.5120416579345611,1.6872929900199751,8.05553794497608,0.0,0.0,0.0,0.0,8468090 (ATL) p=1.00 | 8445413 (PHX) p=1.00 | 8462069 (COL) p=1.00 | 8465044 (WSH) p=1.00 | 8469765 (EDM) p=1.00 | 8467392 (WSH/EDM) p=1.00 | 8467915 (CGY) p=1.00 | 8469460 (MTL) p=1.00 | 8459636 (LAK) p=1.00 | 8467365 (DAL) p=1.00 | 8465914 (MTL/NSH) p=1.00 | 8467422 (SJS) p=1.00
3,72.13423046087746,3.393792649280839,0.11047893815612873,0.43844286376294783,0.5489218019190765,2.434542842544492,1.165207214949932,0.21668503950280077,0.6866296656108897,4.523920635301754,0.0,0.0,0.0,0.0,8449137 (SJS/COL) p=1.00 | 8455666 (CGY) p=1.00 | 8466146 (FLA/PHX) p=1.00 | 8462050 (CGY) p=1.00 | 8459462 (TOR) p=1.00 | 8462211 (CBJ) p=1.00 | 8460626 (STL) p=1.00 | 8467352 (ANA) p=1.00 | 8464959 (TOR) p=1.00 | 8460051 (EDM) p=1.00 | 8463638 (COL) p=1.00 | 8460782 (PHX) p=1.00
