cluster,soft_size,reg_shots_per60,reg_goals_per60,reg_assists_per60,reg_points_per60,reg_hits_per60,reg_blocked_shots_per60,reg_takeaways_per60,reg_giveaways_per60,reg_pim_per60,reg_pp_share,reg_pk_share,reg_fo_pct,reg_fo_taken_per_game,prototype_players
0,60.60397169822197,4.048000011647711,0.12689982679620132,0.8278346731997627,0.9547344999959639,2.827104034105208,4.786869693840002,0.9847787085737645,1.8438319355342394,0.9051101705099547,0.0,0.0,0.0,0.0,8478176 (DET) p=1.00 | R. McDonagh (NYR/TBL) p=1.00 | 8474660 (COL) p=1.00 | C. de Haan (NYI) p=1.00 | 8468542 (SJS) p=0.99 | 8477085 (VAN) p=0.98 | 8474579 (VGK) p=0.98 | 8478567 (CBJ) p=0.97 | J. Spurgeon (MIN) p=0.96 | 8477509 (NJD) p=0.96 | T. van Riemsdyk (CAR) p=0.96 | R. Suter (MIN) p=0.95
1,109.33031483632453,3.862823625706916,0.1544320282355236,0.46333057625626944,0.617762604491793,5.27052351522275,5.12084493281162,0.6949884491131147,1.8817952662411255,1.7495916528825104,0.0,0.0,0.0,0.0,B. McNabb (VGK) p=1.00 | E. Gudbranson (VAN) p=1.00 | 8471296 (NSH) p=1.00 | J. Edmundson (STL) p=1.00 | A. Larsson (EDM) p=1.00 | 8476368 (OTT) p=1.00 | R. Bortuzzo (STL) p=0.99 | J. Merrill (VGK) p=0.99 | 8477850 (LAK) p=0.99 | 8475869 (EDM/NYI/MTL) p=0.99 | 8473560 (ANA) p=0.99 | 8468498 (WSH) p=0.99
2,86.79550902072663,6.018922413625556,0.32882362288492356,0.9912828254579312,1.3201064483428544,3.455573340807295,3.663270474526928,1.1123952557269974,2.2879872842331657,1.3341231087816856,0.0,0.0,0.0,0.0,8476983 (LAK) p=1.00 | 8475227 (OTT) p=1.00 | 8476792 (BOS) p=1.00 | D. Hamilton (CGY) p=1.00 | M. Sergachev (TBL) p=1.00 | B. Burns (SJS) p=1.00 | V. Hedman (TBL) p=1.00 | 8474056 (NSH) p=1.00 | A. Ekblad (FLA) p=1.00 | 8479483 (EDM) p=1.00 | R. Pulock (NYI) p=1.00 | Z. Werenski (CBJ) p=1.00
3,21.270204444726858,4.282322293482732,0.14246687913132125,0.6935425606442601,0.8360094397755814,8.014059368406182,4.501262039349624,0.8248371089145977,2.105992404973819,6.347348367917068,0.0,0.0,0.0,0.0,8474722 (DET) p=1.00 | 8477471 (DAL) p=1.00 | 8477981 (CAR) p=1.00 | 8478842 (COL) p=1.00 | 8470724 (MIN) p=1.00 | 8476464 (COL) p=1.00 | B. Smith (NYR) p=1.00 | 8473468 (EDM) p=1.00 | A. Petrovic (FLA) p=1.00 | 8474697 (OTT) p=1.00 | 8471717 (BOS) p=1.00 | R. Gudas (PHI) p=0.99
