cluster,soft_size,reg_shots_per60,reg_goals_per60,reg_assists_per60,reg_points_per60,reg_hits_per60,reg_blocked_shots_per60,reg_takeaways_per60,reg_giveaways_per60,reg_pim_per60,reg_pp_share,reg_pk_share,reg_fo_pct,reg_fo_taken_per_game,prototype_players
0,71.81339072539765,5.919524176827323,0.37718878488228497,0.6993293868432665,1.0765181717255514,10.871009559874969,2.4717934251966183,0.8915924609172967,2.84474011345045,4.409780808830173,0.0,0.0,0.0,0.0,B. Imama (PIT) p=1.00 | G. Smith (COL/SJS) p=1.00 | D. Shine (DET) p=1.00 | L. O'Brien (UTA) p=1.00 | R. Johnston (ANA) p=1.00 | J. Hayden (SEA) p=1.00 | J. Gadjovich (FLA) p=1.00 | K. MacDermid (NJD) p=1.00 | M. Pezzetta (MTL) p=1.00 | R. Kerins (CGY) p=1.00 | M. Rempe (NYR) p=1.00 | A. Watson (DET) p=1.00
1,139.11519919634412,5.274765846973433,0.513994483671702,0.6299576067485021,1.1439520904202038,9.791341780181893,2.805269931932982,0.7297069339975336,2.3036334334458997,2.2640562636324475,0.0,0.0,0.0,0.0,A. Raty (VAN) p=1.00 | T. Lewis (LAK) p=1.00 | N. Sturm (SJS/FLA) p=1.00 | J. Norris (OTT/BUF) p=0.99 | K. Kolesar (VGK) p=0.99 | E. Tolvanen (SEA) p=0.99 | T. Frederic (BOS/EDM) p=0.99 | P. Cotter (NJD) p=0.99 | N. Nesterenko (ANA) p=0.99 | A. Edstrom (NYR) p=0.99 | C. Cizikas (NYI) p=0.99 | Z. Aston-Reese (CBJ) p=0.99
2,121.30193290294895,7.9548314241007,1.1027294157011083,1.6078930978756263,2.7106225135767343,2.622136682210346,1.6685443644175437,1.0409662518001053,3.1988443259630186,1.3986996417934323,0.0,0.0,0.0,0.0,L. Draisaitl (EDM) p=1.00 | N. Kucherov (TBL) p=1.00 | J. Eichel (VGK) p=1.00 | C. McDavid (EDM) p=1.00 | K. Kaprizov (MIN) p=1.00 | D. Pastrnak (BOS) p=1.00 | N. MacKinnon (COL) p=1.00 | C. Keller (UTA) p=1.00 | A. Panarin (NYR) p=1.00 | J. Hughes (NJD) p=1.00 | R. Thomas (STL) p=1.00 | A. Ovechkin (WSH) p=1.00
3,191.76947717530925,6.339730370735181,0.7737080920039466,0.9740672052166658,1.7477752972206124,3.979371917112756,2.1432877201724887,0.9559468581484329,2.597460451272388,1.078332856404641,0.0,0.0,0.0,0.0,C. Coyle (BOS/COL) p=0.99 | E. Pettersson (VAN) p=0.99 | M. Amadio (OTT) p=0.99 | A. Iafallo (WPG) p=0.99 | J. Pageau (NYI) p=0.98 | M. Barron (WPG) p=0.98 | S. Pinto (OTT) p=0.98 | A. Laferriere (LAK) p=0.98 | N. Robertson (TOR) p=0.98 | F. Gaudreau (MIN) p=0.98 | M. Beniers (SEA) p=0.98 | D. Kampf (TOR) p=0.98
