cluster,soft_size,reg_shots_per60,reg_goals_per60,reg_assists_per60,reg_points_per60,reg_hits_per60,reg_blocked_shots_per60,reg_takeaways_per60,reg_giveaways_per60,reg_pim_per60,reg_pp_share,reg_pk_share,reg_fo_pct,reg_fo_taken_per_game,prototype_players
0,142.1430502339154,2.9218126068140777,0.10785521681750627,0.5268247343715234,0.6346799511890298,4.347003990688845,4.8046510702983305,0.848013802057453,1.6219187035268914,2.388383995069032,0.0,0.0,0.0,0.0,O. Vaananen (PHI/VAN) p=1.00 | T. Lydman (BUF) p=0.99 | B. Salvador (NJD) p=0.99 | J. Hejda (CBJ) p=0.99 | L. Smid (EDM) p=0.99 | H. Gill (PIT) p=0.99 | S. Morrisonn (WSH) p=0.99 | C. White (NJD) p=0.99 | A. Lilja (DET) p=0.99 | J. Frogren (TOR) p=0.99 | C. Sarich (CGY) p=0.99 | R. Klesla (CBJ) p=0.99
1,107.15705629995021,4.91252761527005,0.31140703128081215,0.9452486337096639,1.2566556649904763,2.8797920088830096,3.4490442155595247,1.1275056181117777,1.6996660842472082,1.8664688423492166,0.0,0.0,0.0,0.0,C. Wilson (CBJ/ATL) p=1.00 | C. Potter (NYR) p=1.00 | M. Green (WSH) p=1.00 | D. Byfuglien (CHI) p=1.00 | J. Niskala (TBL) p=1.00 | S. Souray (EDM) p=1.00 | K. Foster (MIN) p=1.00 | A. Babchuk (CAR) p=1.00 | B. Rodney (CAR) p=1.00 | M. Bergeron (MIN) p=1.00 | S. Weber (NSH) p=1.00 | Z. Bogosian (ATL) p=1.00
2,20.699893466134398,2.8794701101754794,0.0568143885682844,0.35675632220641446,0.41357071077469887,8.090995336184747,4.442054138507123,0.8319800169234214,1.9455348069435225,8.699777699707877,0.0,0.0,0.0,0.0,N. McIver (ANA) p=1.00 | T. Conboy (CAR) p=1.00 | T. Peckham (EDM) p=1.00 | R. Davison (VAN) p=1.00 | M. Weber (BUF) p=1.00 | O. Tollefsen (CBJ) p=1.00 | B. Valabik (ATL) p=1.00 | E. Reitz (MIN/NYR) p=1.00 | S. O'Brien (VAN/TBL) p=1.00 | J. Vandermeer (CGY) p=1.00 | S. Brookbank (ANA/NJD) p=1.00 | G. Exelby (ATL) p=1.00
3,1.0,7.128712871287129,0.8910891089108911,0.0,0.8910891089108911,13.366336633663366,5.346534653465347,0.8910891089108911,0.0,35.64356435643565,0.0,0.0,0.0,0.0,W. Brookbank (CAR) p=1.00 | J. Gorges (MTL) p=0.00 | D. Phaneuf (CGY) p=0.00 | B. Coburn (PHI) p=0.00 | R. Suter (NSH) p=0.00 | F. Meyer (NYI) p=0.00 | T. Preissing (LAK) p=0.00 | C. Campoli (NYI/OTT) p=0.00 | R. Blake (SJS) p=0.00 | B. Burns (MIN) p=0.00 | J. Ericsson (DET) p=0.00 | A. Rome (CBJ) p=0.00
