cluster,soft_size,reg_shots_per60,reg_goals_per60,reg_assists_per60,reg_points_per60,reg_hits_per60,reg_blocked_shots_per60,reg_takeaways_per60,reg_giveaways_per60,reg_pim_per60,reg_pp_share,reg_pk_share,reg_fo_pct,reg_fo_taken_per_game,prototype_players
0,219.0635774922453,8.56061720074476,1.0488254074313266,1.4298394287408742,2.4786648361722006,2.7166943559712915,1.1010395040907481,1.5360834561715362,2.077155302901761,2.605443921458597,0.0,0.0,0.0,0.0,J. Thornton (SJS/BOS) p=1.00 | J. Spezza (OTT) p=1.00 | J. Jagr (NYR) p=1.00 | M. Svatos (COL) p=1.00 | I. Kovalchuk (ATL) p=1.00 | P. Elias (NJD) p=1.00 | J. Cheechoo (SJS) p=1.00 | A. Ovechkin (WSH) p=1.00 | A. Hemsky (EDM) p=1.00 | M. Gaborik (MIN) p=1.00 | J. Hamilton (NYI) p=1.00 | J. Pohl (TOR) p=1.00
1,21.524051515583235,4.980893683303693,0.40841474829619523,0.4244909337078284,0.8329056820040236,15.212666905741115,1.2419546071165208,0.8607915684398185,1.3363326081397386,26.670655044425114,0.0,0.0,0.0,0.0,A. Peters (BUF) p=1.00 | C. Orr (NYR/BOS) p=1.00 | J. Boulerice (CAR/STL) p=1.00 | K. Colley (NYI) p=1.00 | C. Janssen (NJD) p=1.00 | E. Godard (NYI) p=1.00 | A. Roy (PIT) p=1.00 | B. McGrattan (OTT) p=1.00 | G. Parros (LAK) p=1.00 | D. Hordichuk (NSH) p=1.00 | D. Boogaard (MIN) p=1.00 | R. Vandenbussche (PIT) p=1.00
2,153.97764225118743,6.446625481827035,0.624532926295979,0.9389166397994078,1.5634495660953869,2.751496797067168,2.3491696409697855,2.028021356185063,1.4452100151929108,2.4525414344858922,0.0,0.0,0.0,0.0,P. Leahy (BOS) p=1.00 | R. Globke (FLA) p=1.00 | S. Rucchin (NYR) p=1.00 | C. Brown (CHI) p=1.00 | R. Bonk (MTL) p=1.00 | R. Johnson (STL) p=1.00 | D. Andreychuk (TBL) p=1.00 | W. Walz (MIN) p=1.00 | I. Laperriere (COL) p=1.00 | J. Ward (NYR) p=1.00 | N. Sundstrom (MTL) p=1.00 | J. Madden (NJD) p=1.00
3,94.43472874098406,6.704245849676184,0.5383344888527228,0.752164800759975,1.2904992896126977,7.527097019536034,1.7188664772443747,1.3649968810562705,1.5804155614334225,6.824014215459847,0.0,0.0,0.0,0.0,W. Belak (TOR) p=1.00 | S. Nichol (NSH) p=1.00 | C. Dingman (TBL) p=1.00 | S. Begin (MTL) p=1.00 | S. Goertzen (CBJ) p=1.00 | B. Ritchie (CGY) p=1.00 | S. Gainey (PHX) p=1.00 | A. Burrows (VAN) p=1.00 | M. Barnaby (CHI) p=1.00 | J. Ruutu (VAN) p=1.00 | S. Thornton (CHI) p=1.00 | L. Goren (VAN) p=1.00
