cluster,soft_size,reg_shots_per60,reg_goals_per60,reg_assists_per60,reg_points_per60,reg_hits_per60,reg_blocked_shots_per60,reg_takeaways_per60,reg_giveaways_per60,reg_pim_per60,reg_pp_share,reg_pk_share,reg_fo_pct,reg_fo_taken_per_game,prototype_players
0,95.88902082011315,4.678895377925799,0.22442642147866193,0.8929443399125646,1.1173707613912265,3.122814164636519,3.7799812361235237,1.045203694056177,1.790813614630741,1.503153572737705,0.0,0.0,0.0,0.0,C. Pronger (PHI) p=1.00 | D. Byfuglien (WPG) p=1.00 | E. Karlsson (OTT) p=1.00 | B. Smith (DET) p=1.00 | Z. Chara (BOS) p=1.00 | K. Letang (PIT) p=1.00 | Y. Weber (MTL) p=1.00 | K. Yandle (PHX) p=1.00 | D. Boyle (SJS) p=1.00 | K. Shattenkirk (STL) p=1.00 | M. Bergeron (TBL) p=1.00 | K. Bieksa (VAN) p=1.00
1,28.194307802551013,4.12921740367952,0.23710027189669353,0.29748994304293047,0.5345902149396241,6.066490026175679,4.407210963031787,0.5910157916100367,1.6009270157688393,4.12537879123865,0.0,0.0,0.0,0.0,A. Urbom (NJD) p=1.00 | S. Bickel (NYR) p=1.00 | N. Guenin (ANA) p=1.00 | D. Drewiske (LAK) p=1.00 | J. Erskine (WSH) p=1.00 | J. Vandermeer (SJS) p=1.00 | A. Kulda (WPG) p=1.00 | M. Bourdon (PHI) p=1.00 | A. Rome (VAN) p=1.00 | K. Marshall (PHI) p=1.00 | C. Wilson (CGY) p=0.99 | T. Brennan (BUF) p=0.99
2,55.609753846070646,4.026598232347451,0.23968588611679492,0.651392595354894,0.8910784814716889,3.4443993693231425,4.4933189197777486,0.792877773419796,1.2628964294843172,1.0339050695975656,0.0,0.0,0.0,0.0,N. Kronwall (DET) p=0.99 | S. Kampfer (MIN/BOS) p=0.99 | J. Garrison (FLA) p=0.99 | M. Flood (WPG) p=0.98 | A. Sulzer (BUF/VAN) p=0.98 | B. Gervais (TBL) p=0.97 | O. Ekman-Larsson (PHX) p=0.97 | M. Stone (PHX) p=0.96 | R. Josi (NSH) p=0.96 | J. Leopold (BUF) p=0.96 | K. Russell (STL/CBJ) p=0.95 | J. Blum (NSH) p=0.94
3,83.3069175312652,2.7747807760095364,0.07534917032692522,0.4476977108701017,0.5230468811970268,5.584484060209905,5.2495042370264455,0.7732335292315047,1.5139607287845023,2.1557057896786977,0.0,0.0,0.0,0.0,M. Komisarek (TOR) p=1.00 | T. Lydman (ANA) p=1.00 | N. Grossmann (DAL/PHI) p=0.99 | B. Allen (CAR) p=0.99 | R. O'Byrne (COL) p=0.99 | B. Orpik (PIT) p=0.99 | J. Falk (MIN) p=0.99 | R. Regehr (BUF) p=0.99 | N. Prosser (MIN) p=0.99 | P. Kubina (TBL/PHI) p=0.99 | A. Volchenkov (NJD) p=0.99 | C. White (SJS) p=0.99
