cluster,soft_size,reg_shots_per60,reg_goals_per60,reg_assists_per60,reg_points_per60,reg_hits_per60,reg_blocked_shots_per60,reg_takeaways_per60,reg_giveaways_per60,reg_pim_per60,reg_pp_share,reg_pk_share,reg_fo_pct,reg_fo_taken_per_game,prototype_players
0,120.45797495690614,5.640925785500074,0.5607045697521252,0.7846410623237369,1.345345632075862,2.428894356728033,1.9512420857423933,1.681881242234159,1.482747325059761,1.5706728225624838,0.0,0.0,0.0,0.0,W. Walz (MIN) p=1.00 | T. Whitfield (WSH) p=1.00 | B. Gordon (WSH) p=1.00 | A. Nikolishin (COL) p=1.00 | C. Brown (BUF/SJS) p=1.00 | M. Murray (CAR) p=1.00 | D. Andreychuk (TBL) p=1.00 | A. Laaksonen (MIN) p=0.99 | N. Sundstrom (MTL) p=0.99 | S. Rucchin (ANA) p=0.99 | P. Stefan (ATL) p=0.99 | T. Donato (BOS) p=0.99
1,145.86151477679874,6.361097793185075,0.5663778852527839,0.7493469894251418,1.3157248746779258,5.358565987103961,1.6258661985914844,1.3486350142070458,1.634171855292544,4.136013875690521,0.0,0.0,0.0,0.0,S. Corson (DAL) p=1.00 | K. Primeau (PHI) p=1.00 | J. Cowan (ATL/LAK) p=1.00 | S. McCarthy (BOS/NYR) p=1.00 | C. Lapointe (PHI) p=1.00 | D. Scatchard (NYI) p=1.00 | B. Sutherby (WSH) p=1.00 | M. Barnaby (NYR/COL) p=1.00 | J. Hudler (DET) p=1.00 | I. Huml (BOS) p=1.00 | A. Asham (NYI) p=1.00 | C. Clark (CGY) p=1.00
2,63.84271400649356,5.392531129371574,0.355584499317635,0.43098673974850926,0.7865712390661445,8.91532393759454,1.1524246382103904,0.9784972300042928,1.6337751723282699,20.25077062052761,0.0,0.0,0.0,0.0,G. Burnett (ANA) p=1.00 | N. Perrott (TOR) p=1.00 | K. Brennan (LAK/ATL) p=1.00 | A. Peters (BUF) p=1.00 | E. Godard (NYI) p=1.00 | T. Fedoruk (PHI) p=1.00 | F. Lessard (ATL) p=1.00 | A. Downey (DAL) p=1.00 | R. Low (STL) p=1.00 | D. Hordichuk (FLA) p=1.00 | A. Nazarov (PHX) p=1.00 | J. Cummins (COL) p=1.00
3,180.8377962598015,7.706550635908519,0.8353188355560709,1.3261162080808508,2.1614350436369216,1.8749634358070584,1.0964376704667473,1.667784776420843,2.325286197760844,1.8796409793341986,0.0,0.0,0.0,0.0,F. Fedorov (VAN) p=1.00 | P. Forsberg (COL) p=1.00 | M. Modano (DAL) p=1.00 | P. Turgeon (DAL) p=1.00 | R. Lang (WSH/DET) p=1.00 | S. Gomez (NJD) p=1.00 | H. Druken (TOR) p=1.00 | J. Jagr (WSH/NYR) p=1.00 | A. Hemsky (EDM) p=1.00 | A. Tanguay (COL) p=1.00 | J. Spezza (OTT) p=1.00 | M. Havlat (OTT) p=1.00
