cluster,soft_size,reg_shots_per60,reg_goals_per60,reg_assists_per60,reg_points_per60,reg_hits_per60,reg_blocked_shots_per60,reg_takeaways_per60,reg_giveaways_per60,reg_pim_per60,reg_pp_share,reg_pk_share,reg_fo_pct,reg_fo_taken_per_game,prototype_players
0,115.00318688624515,3.465399443775833,0.14569932400551414,0.6976720747851651,0.8433713987906791,4.190798849357853,5.240468983953525,0.7569356108440728,1.3942853020323989,1.3350281346275295,0.0,0.0,0.0,0.0,T. Emberson (SJS) p=0.99 | A. Zub (OTT) p=0.99 | M. Pettersson (PIT) p=0.99 | T. Liljegren (TOR) p=0.99 | H. Jokiharju (BUF) p=0.99 | I. Provorov (CBJ) p=0.98 | J. Välimäki (ARI) p=0.98 | D. DeMelo (WPG) p=0.98 | A. Pelech (NYI) p=0.98 | J. Christiansen (CBJ) p=0.98 | J. Petry (DET) p=0.98 | J. Moser (ARI) p=0.98
1,75.7382273122532,5.090174808167368,0.3022453112955842,1.1569023856695722,1.4591476969651564,2.6605410107702236,3.9487387218562144,1.2877670669903793,1.6480925684226093,1.4063842053580984,0.0,0.0,0.0,0.0,Q. Hughes (VAN) p=1.00 | S. Theodore (VGK) p=1.00 | E. Bouchard (EDM) p=1.00 | C. Makar (COL) p=1.00 | J. Morrissey (WPG) p=1.00 | V. Hedman (TBL) p=1.00 | E. Karlsson (PIT) p=1.00 | S. Gostisbehere (DET) p=1.00 | A. Fox (NYR) p=1.00 | L. Hughes (NJD) p=1.00 | R. Josi (NSH) p=1.00 | M. Heiskanen (DAL) p=1.00
2,52.723630217059856,3.5504168827559637,0.14251144465377674,0.4568288795512687,0.5993403242050453,7.917163087057593,6.019961783113098,0.6557211552195811,1.57877668720108,3.3815281008104385,0.0,0.0,0.0,0.0,R. Hagg (ANA) p=1.00 | R. Gudas (ANA) p=1.00 | 8475797 (CHI) p=1.00 | J. Brown (ARI) p=1.00 | N. Seeler (PHI) p=1.00 | T. Tucker (STL) p=1.00 | J. Ludvig (PIT) p=1.00 | A. Xhekaj (MTL) p=1.00 | M. Friedman (VAN) p=1.00 | R. Bortuzzo (NYI/STL) p=1.00 | L. Stanley (WPG) p=1.00 | J. Lauzon (NSH) p=1.00
3,37.53495558444181,4.149329532276254,0.2646414821176679,0.6330497184383497,0.8976912005560176,4.7369579848895045,4.771257505738519,1.0537656295933937,1.5362975871254816,1.8257667727252442,0.0,0.0,0.0,0.0,8480157 (STL) p=1.00 | 8479439 (SJS) p=1.00 | 8478011 (PHI) p=1.00 | 8479320 (TOR) p=1.00 | A. Ginning (PHI) p=1.00 | J. Manson (COL) p=1.00 | B. Clarke (LAK) p=0.99 | 8476884 (DAL) p=0.99 | J. Walman (DET) p=0.95 | J. Kovacevic (MTL) p=0.95 | 8481521 (PHI) p=0.94 | N. Blankenburg (CBJ) p=0.93
