cluster,soft_size,reg_shots_per60,reg_goals_per60,reg_assists_per60,reg_points_per60,reg_hits_per60,reg_blocked_shots_per60,reg_takeaways_per60,reg_giveaways_per60,reg_pim_per60,reg_pp_share,reg_pk_share,reg_fo_pct,reg_fo_taken_per_game,prototype_players
0,29.89973185100228,4.223099932141842,0.24185237554761002,0.364873560596058,0.606725936143668,8.903461550734992,5.056489699845447,0.6015475528904587,1.9304313190105085,3.740252379573198,0.0,0.0,0.0,0.0,L. Witkowski (TBL) p=1.00 | B. Manning (EDM) p=1.00 | T. Lewington (WSH) p=1.00 | J. Hakanpää (ANA) p=1.00 | D. Gilbert (CHI) p=1.00 | M. Borowiecki (OTT) p=1.00 | F. Claesson (NJD) p=1.00 | M. Anderson (LAK) p=1.00 | N. Seeler (CHI/MIN) p=1.00 | B. Smith (NYR) p=1.00 | J. Lauzon (BOS) p=1.00 | E. Gudbranson (ANA/PIT) p=1.00
1,52.94425874428251,5.827135767675611,0.3513892688094654,1.1950387223504935,1.546427991159959,2.2660052331455565,3.2957869826635884,1.3783673972556023,2.3564089724359913,1.1055027670910846,0.0,0.0,0.0,0.0,J. Carlson (WSH) p=1.00 | C. Makar (COL) p=1.00 | A. Fox (NYR) p=1.00 | T. Krug (BOS) p=1.00 | S. Theodore (VGK) p=1.00 | Q. Hughes (VAN) p=1.00 | E. Karlsson (SJS) p=1.00 | R. Josi (NSH) p=1.00 | V. Hedman (TBL) p=1.00 | T. DeAngelo (NYR) p=1.00 | D. Hamilton (CAR) p=1.00 | J. Slavin (CAR) p=1.00
2,117.2573504566933,4.560434850040324,0.21102284407418756,0.6648339104009989,0.8758567544751865,3.8668664554243763,4.187406796616252,0.9041834601753358,2.1068551180648942,1.4182679541634857,0.0,0.0,0.0,0.0,T. Stecher (VAN) p=0.99 | M. Sergachev (TBL) p=0.99 | T. Dermott (TOR) p=0.99 | M. Nutivaara (CBJ) p=0.99 | N. Holden (VGK) p=0.99 | D. Fabbro (NSH) p=0.99 | V. Gavrikov (CBJ) p=0.98 | J. Muzzin (TOR) p=0.98 | B. Montour (BUF) p=0.98 | C. Djoos (ANA/WSH) p=0.98 | V. Mete (MTL) p=0.98 | J. Trouba (NYR) p=0.98
3,74.89865894802193,3.5345578721888966,0.06673407673063636,0.5502450350926815,0.6169791118233179,5.712669756618246,4.669105468790059,0.7827023895014941,1.8959420629149761,1.7523653883228798,0.0,0.0,0.0,0.0,C. White (NJD) p=1.00 | Z. Whitecloud (VGK) p=1.00 | C. Jaros (OTT) p=0.99 | B. Menell (MIN) p=0.99 | M. Friedman (PHI) p=0.99 | J. Hicketts (DET) p=0.99 | T. Liljegren (TOR) p=0.98 | X. Ouellet (MTL) p=0.98 | D. DeKeyser (DET) p=0.98 | B. McNabb (VGK) p=0.98 | B. Lashoff (DET) p=0.97 | A. Bitetto (WPG) p=0.97
