cluster,soft_size,reg_shots_per60,reg_goals_per60,reg_assists_per60,reg_points_per60,reg_hits_per60,reg_blocked_shots_per60,reg_takeaways_per60,reg_giveaways_per60,reg_pim_per60,reg_pp_share,reg_pk_share,reg_fo_pct,reg_fo_taken_per_game,prototype_players
0,219.0635774922453,8.56061720074476,1.0488254074313266,1.4298394287408742,2.4786648361722006,2.7166943559712915,1.1010395040907481,1.5360834561715362,2.077155302901761,2.605443921458597,0.0,0.0,0.0,0.0,8466138 (SJS/BOS) p=1.00 | 8469455 (OTT) p=1.00 | 8448208 (NYR) p=1.00 | 8469670 (COL) p=1.00 | 8469454 (ATL) p=1.00 | 8460542 (NJD) p=1.00 | 8467357 (SJS) p=1.00 | A. Ovechkin (WSH) p=1.00 | 8469466 (EDM) p=1.00 | 8468483 (MIN) p=1.00 | 8470373 (NYI) p=1.00 | 8467565 (TOR) p=1.00
1,21.524051515583235,4.980893683303693,0.40841474829619523,0.4244909337078284,0.8329056820040236,15.212666905741115,1.2419546071165208,0.8607915684398185,1.3363326081397386,26.670655044425114,0.0,0.0,0.0,0.0,8467355 (BUF) p=1.00 | 8468778 (NYR/BOS) p=1.00 | 8465067 (CAR/STL) p=1.00 | 8468153 (NYI) p=1.00 | 8470123 (NJD) p=1.00 | 8468252 (NYI) p=1.00 | 8460639 (PIT) p=1.00 | 8467977 (OTT) p=1.00 | 8468095 (LAK) p=1.00 | 8468660 (NSH) p=1.00 | 8469647 (MIN) p=1.00 | 8459109 (PIT) p=1.00
2,153.97764225118743,6.446625481827035,0.624532926295979,0.9389166397994078,1.5634495660953869,2.751496797067168,2.3491696409697855,2.028021356185063,1.4452100151929108,2.4525414344858922,0.0,0.0,0.0,0.0,8467444 (BOS) p=1.00 | 8470305 (FLA) p=1.00 | 8459284 (NYR) p=1.00 | 8460534 (CHI) p=1.00 | 8460105 (MTL) p=1.00 | 8460527 (STL) p=1.00 | 8445000 (TBL) p=1.00 | 8452285 (MIN) p=1.00 | 8459094 (COL) p=1.00 | 8466147 (NYR) p=1.00 | 8459430 (MTL) p=1.00 | 8466371 (NJD) p=1.00
3,94.43472874098406,6.704245849676184,0.5383344888527228,0.752164800759975,1.2904992896126977,7.527097019536034,1.7188664772443747,1.3649968810562705,1.5804155614334225,6.824014215459847,0.0,0.0,0.0,0.0,8460502 (TOR) p=1.00 | 8459687 (NSH) p=1.00 | 8460509 (TBL) p=1.00 | 8464994 (MTL) p=1.00 | 8470064 (CBJ) p=1.00 | 8462197 (CGY) p=1.00 | 8466209 (PHX) p=1.00 | 8470358 (VAN) p=1.00 | 8459019 (CHI) p=1.00 | 8467393 (VAN) p=1.00 | 8465978 (CHI) p=1.00 | 8466197 (VAN) p=1.00
