cluster,soft_size,reg_shots_per60,reg_goals_per60,reg_assists_per60,reg_points_per60,reg_hits_per60,reg_blocked_shots_per60,reg_takeaways_per60,reg_giveaways_per60,reg_pim_per60,reg_pp_share,reg_pk_share,reg_fo_pct,reg_fo_taken_per_game,prototype_players
0,188.719412691365,8.205210494997663,0.9020795709664564,1.337374217803392,2.2394537887698482,2.818128082008082,1.2661967766953734,1.9031156755395247,1.8241044136806275,1.6629131424832335,0.0,0.0,0.0,0.0,8467876 (VAN) p=1.00 | 8466138 (SJS) p=1.00 | 8469779 (WSH) p=1.00 | 8467875 (VAN) p=1.00 | 8467389 (DAL) p=1.00 | A. Ovechkin (WSH) p=1.00 | 8460621 (OTT) p=1.00 | 8470120 (WSH) p=1.00 | 8469455 (OTT) p=1.00 | 8469466 (EDM) p=1.00 | S. Crosby (PIT) p=1.00 | 8466378 (TBL) p=1.00
1,35.73592574030285,4.974471003572214,0.28282502964091033,0.6230554340086462,0.9058804636495567,13.737660974744031,1.7383723261750215,0.7465462231760938,1.3155516998549395,22.988434638926645,0.0,0.0,0.0,0.0,8470123 (STL) p=1.00 | 8471941 (FLA) p=1.00 | 8467977 (CGY) p=1.00 | 8468626 (COL) p=1.00 | 8470816 (TOR) p=1.00 | 8467355 (NJD) p=1.00 | 8469120 (LAK) p=1.00 | 8470713 (PHX) p=1.00 | 8469820 (TBL) p=1.00 | 8468660 (VAN) p=1.00 | 8473712 (SJS) p=1.00 | 8468778 (TOR) p=1.00
2,84.9521911477906,6.486919155415715,0.540471836466126,0.6985894461852569,1.239061282651383,10.006399528325536,2.3456237496095915,1.3662345185418177,1.1635296810689817,6.513469534829875,0.0,0.0,0.0,0.0,8470625 (EDM) p=1.00 | 8469501 (ATL) p=1.00 | 8460527 (VAN) p=1.00 | 8470619 (NYR) p=1.00 | 8468611 (COL) p=1.00 | 8459514 (TOR/CGY) p=1.00 | 8470647 (STL) p=1.00 | 8465025 (PHI) p=1.00 | 8470719 (VAN) p=1.00 | 8469490 (NYI) p=1.00 | 8471703 (TBL) p=1.00 | 8472263 (COL) p=1.00
3,185.5924704205416,7.167298827899493,0.6849440307400986,0.8097758043173754,1.4947198350574742,5.545399788841278,1.8596389043222346,1.6204348557189934,1.0144764009048453,1.9182348614197362,0.0,0.0,0.0,0.0,8474153 (FLA) p=0.99 | 8471670 (MIN/MTL) p=0.99 | 8466393 (PIT) p=0.99 | 8468463 (MTL) p=0.99 | 8469469 (CBJ) p=0.99 | 8473573 (NYR) p=0.98 | 8470620 (NYI) p=0.98 | 8470274 (NYR/CGY) p=0.98 | 8471273 (NYR) p=0.98 | 8473898 (TBL) p=0.98 | 8470176 (NYI) p=0.98 | 8467831 (TBL/LAK) p=0.98
