cluster,soft_size,reg_shots_per60,reg_goals_per60,reg_assists_per60,reg_points_per60,reg_hits_per60,reg_blocked_shots_per60,reg_takeaways_per60,reg_giveaways_per60,reg_pim_per60,reg_pp_share,reg_pk_share,reg_fo_pct,reg_fo_taken_per_game,prototype_players
0,185.58948882859153,7.151600072061073,0.7450512265668134,1.2069623061323151,1.9520135326991286,2.8696073633647514,1.7143084525108296,1.9892698177102575,1.4722864648230214,1.5804991032324252,0.0,0.0,0.0,0.0,C. Conroy (CGY) p=1.00 | F. Nielsen (NYI) p=1.00 | T. Cavanagh (SJS) p=1.00 | K. Okposo (NYI) p=1.00 | N. Backstrom (WSH) p=1.00 | P. Kariya (STL) p=1.00 | K. Aucoin (WSH) p=1.00 | P. Stastny (COL) p=1.00 | D. Krejci (BOS) p=1.00 | T. White (ATL) p=1.00 | S. Weiss (FLA) p=1.00 | P. Datsyuk (DET) p=1.00
1,97.11828691975941,6.381309347175493,0.5455654214485371,0.7191740871653398,1.264739508613877,7.281785896075151,2.6179722145710262,1.5201223205486218,0.9231761095897126,4.146984463291793,0.0,0.0,0.0,0.0,G. Murray (PHX) p=1.00 | J. Scott (MIN) p=1.00 | N. Thompson (NYI) p=1.00 | R. Johnson (VAN) p=1.00 | I. Laperriere (COL) p=1.00 | J. Slater (ATL) p=1.00 | T. Smith (NYI) p=1.00 | A. Burish (CHI) p=1.00 | M. Pelech (CGY) p=1.00 | J. Crabb (ATL) p=1.00 | G. Campbell (FLA) p=1.00 | T. Jackman (NYI) p=1.00
2,68.19185563602885,5.910905704694476,0.4236018411122725,0.5610012469079513,0.9846030880202238,12.278730057228227,1.4932529655690359,1.1150894158072524,1.2836692794230349,15.594361439719659,0.0,0.0,0.0,0.0,C. Janssen (STL) p=1.00 | A. Deveaux (TOR) p=1.00 | J. Gratton (PHI) p=1.00 | A. Peters (BUF) p=1.00 | J. Rechlicz (NYI) p=1.00 | Z. Stortini (EDM) p=1.00 | S. MacIntyre (EDM) p=1.00 | R. Cote (PHI) p=1.00 | E. Godard (PIT) p=1.00 | D. Koci (TBL/STL) p=1.00 | B. Prust (CGY/PHX) p=1.00 | C. Orr (NYR) p=1.00
3,153.1003686156202,8.427514585531782,0.957256181490137,1.155077078693664,2.1123332601838007,4.417314739767115,1.1551752688469044,1.524619271615452,1.7127016126869619,2.2570542185298885,0.0,0.0,0.0,0.0,N. Filatov (CBJ) p=1.00 | A. Ovechkin (WSH) p=1.00 | B. Ryan (ANA) p=1.00 | M. Gaborik (MIN) p=1.00 | M. Hossa (DET) p=1.00 | J. Williams (TOR) p=1.00 | R. Getzlaf (ANA) p=1.00 | M. Grabovski (TOR) p=1.00 | N. Gerbe (BUF) p=1.00 | R. Clowe (SJS) p=1.00 | D. Setoguchi (SJS) p=1.00 | A. Semin (WSH) p=1.00
