cluster,soft_size,reg_shots_per60,reg_goals_per60,reg_assists_per60,reg_points_per60,reg_hits_per60,reg_blocked_shots_per60,reg_takeaways_per60,reg_giveaways_per60,reg_pim_per60,reg_pp_share,reg_pk_share,reg_fo_pct,reg_fo_taken_per_game,prototype_players
0,106.24860524598401,5.174199164598637,0.2949302033819775,0.8649757430228812,1.1599059464048587,3.4155886056361893,3.7409725587190272,1.0067826822565349,1.8210487011986007,1.3159166238610873,0.0,0.0,0.0,0.0,B. Burns (SJS) p=1.00 | 8476792 (BOS) p=1.00 | T. Barrie (COL) p=1.00 | 8470834 (WPG) p=1.00 | K. Letang (PIT) p=1.00 | E. Karlsson (OTT) p=1.00 | 8470966 (CGY) p=1.00 | 8474134 (VAN) p=1.00 | R. McDonagh (NYR) p=1.00 | V. Hedman (TBL) p=1.00 | 8471284 (CAR) p=1.00 | 8470642 (NSH) p=1.00
1,25.80498332261005,3.5717089399181132,0.05918465160979522,0.565785638391051,0.6249702900008461,3.65566920632042,4.169036048537482,0.9131749674425239,2.2824161177232436,2.0336597479833944,0.0,0.0,0.0,0.0,8475060 (TBL) p=1.00 | 8474611 (DAL) p=1.00 | 8470714 (EDM/BOS) p=1.00 | 8475648 (CGY) p=1.00 | 8474184 (WPG) p=0.99 | 8475275 (WSH) p=0.98 | S. Mayfield (NYI) p=0.98 | 8475194 (PIT) p=0.97 | 8466309 (FLA) p=0.96 | 8476827 (CGY) p=0.92 | 8476470 (MTL) p=0.88 | 8469598 (VAN) p=0.87
2,96.06503843495007,3.402214211558159,0.13483243969758799,0.5143164023232949,0.6491488420208827,4.29817250772489,4.879808885004219,0.7358456727258892,1.4051593261588975,1.6560833369523573,0.0,0.0,0.0,0.0,8470630 (NSH/NYR) p=0.99 | 8464981 (COL) p=0.99 | 8471958 (NYR) p=0.99 | 8473584 (NYI/PHI) p=0.99 | 8467400 (ANA) p=0.99 | I. Cole (STL) p=0.98 | 8466142 (TBL) p=0.98 | 8474774 (CBJ) p=0.98 | 8470699 (COL) p=0.98 | 8468478 (FLA/MTL) p=0.98 | 8476941 (WSH) p=0.98 | 8476244 (MTL/NYR/VAN) p=0.98
3,47.88137299645586,3.02204634066283,0.118430052814652,0.41863525178621525,0.5370653046008672,8.387562521466224,5.56966968773139,0.4353930636205572,1.5887828483061524,4.581419907370015,0.0,0.0,0.0,0.0,8474697 (OTT) p=1.00 | 8467931 (NYI) p=1.00 | 8471748 (EDM/TOR) p=1.00 | 8468745 (TBL) p=1.00 | A. Petrovic (FLA) p=1.00 | 8471717 (BOS) p=1.00 | R. Gudas (TBL) p=1.00 | 8475797 (MTL) p=1.00 | 8470121 (LAK) p=1.00 | 8473992 (NYR) p=1.00 | 8468114 (MTL) p=1.00 | 8467365 (WSH) p=1.00
