cluster,soft_size,reg_shots_per60,reg_goals_per60,reg_assists_per60,reg_points_per60,reg_hits_per60,reg_blocked_shots_per60,reg_takeaways_per60,reg_giveaways_per60,reg_pim_per60,reg_pp_share,reg_pk_share,reg_fo_pct,reg_fo_taken_per_game,prototype_players
0,116.10691750834178,7.3183598026845065,0.8070819248674663,1.053890467197484,1.8609723920649504,6.435880224498757,1.1309451773305825,1.5662854145902283,2.2925626597200837,3.4892115876699505,0.0,0.0,0.0,0.0,8467516 (DAL) p=1.00 | 8446847 (NYR) p=1.00 | 8458229 (STL) p=1.00 | 8466138 (BOS) p=1.00 | 8468466 (STL) p=1.00 | 8458515 (NYR) p=1.00 | 8459444 (VAN) p=1.00 | 8468753 (MIN) p=1.00 | 8449499 (DAL) p=1.00 | 8468789 (DET) p=1.00 | 8447958 (NJD) p=1.00 | 8449545 (STL) p=1.00
1,165.51789958937798,7.145906729847633,0.8571370734964844,1.2571693406359095,2.1143064141323937,2.368490889619868,1.2224677463882492,1.9527787706985023,2.293967453557706,1.4426278996041255,0.0,0.0,0.0,0.0,8452578 (DET) p=1.00 | 8456512 (CBJ) p=1.00 | 8446003 (VAN) p=1.00 | 8459461 (VAN) p=1.00 | 8449951 (WSH/PHI) p=1.00 | 8451101 (COL) p=1.00 | 8466266 (NYR/EDM) p=1.00 | 8448782 (PIT) p=1.00 | 8451005 (NSH/LAK) p=1.00 | 8448091 (DET) p=1.00 | 8446951 (CAR) p=1.00 | 8462036 (PHX) p=1.00
2,136.4202473175799,5.566281117060918,0.4913419898487886,0.7153837210675612,1.2067257109163496,4.972958402440109,2.0288831145458945,1.8188776745436808,1.498761672402939,1.952927066719288,0.0,0.0,0.0,0.0,8467417 (FLA) p=1.00 | 8455763 (ANA) p=1.00 | 8458155 (PHX) p=1.00 | 8456121 (NSH/CHI) p=1.00 | 8459122 (COL) p=1.00 | 8460649 (CBJ) p=1.00 | 8460540 (DET) p=1.00 | 8458192 (TBL) p=1.00 | 8452285 (MIN) p=1.00 | 8467359 (VAN) p=1.00 | 8460534 (BUF) p=1.00 | 8460012 (COL) p=1.00
3,78.95493558470034,5.108620159771009,0.40183728351016895,0.5919394144141409,0.9937766979243098,11.715976710270175,1.5004465715707271,1.299538048578643,1.5836503659350163,18.140529828171026,0.0,0.0,0.0,0.0,8462068 (PHI) p=1.00 | 8466212 (ATL) p=1.00 | 8458888 (ANA) p=1.00 | 8466216 (LAK) p=1.00 | 8459109 (CHI) p=1.00 | 8465207 (STL) p=1.00 | 8459391 (CAR) p=1.00 | 8465960 (BOS) p=1.00 | 8458036 (NSH/MTL) p=1.00 | 8465992 (CHI) p=1.00 | 8447386 (NSH) p=1.00 | 8459486 (PIT) p=1.00
