cluster,soft_size,reg_shots_per60,reg_goals_per60,reg_assists_per60,reg_points_per60,reg_hits_per60,reg_blocked_shots_per60,reg_takeaways_per60,reg_giveaways_per60,reg_pim_per60,reg_pp_share,reg_pk_share,reg_fo_pct,reg_fo_taken_per_game,prototype_players
0,47.75933872406555,5.0881193558021405,0.39890248354997515,0.43358948616702686,0.832491969717002,14.703285281053706,2.4094943570426786,0.9558192593740052,1.0204630012500033,15.348063006259023,0.0,0.0,0.0,0.0,8471371 (EDM/TOR) p=1.00 | 8471521 (ANA) p=1.00 | 8473712 (TOR/SJS) p=1.00 | 8460720 (NYI) p=1.00 | 8471719 (OTT) p=1.00 | 8468778 (TOR) p=1.00 | 8470816 (PHI) p=1.00 | 8469820 (MIN) p=1.00 | 8474736 (PHI) p=1.00 | 8473722 (BUF) p=1.00 | 8467428 (NJD) p=1.00 | 8473542 (VAN/PHI) p=1.00
1,167.0348564188318,7.668357773450815,0.8891647401093101,1.2698630508850666,2.1590277909943767,3.0469845499834114,1.3658273919422277,1.903041664313299,1.762194447719044,1.5697413979806587,0.0,0.0,0.0,0.0,8475163 (DAL) p=1.00 | 8458537 (DAL) p=1.00 | 8470598 (BUF) p=1.00 | 8467514 (DET) p=1.00 | 8462041 (ANA) p=1.00 | S. Crosby (PIT) p=1.00 | 8466138 (SJS) p=1.00 | 8466378 (TBL) p=1.00 | 8473548 (TOR) p=1.00 | 8470120 (CAR) p=1.00 | J. Tavares (NYI) p=1.00 | T. Hall (EDM) p=1.00
2,91.6627335077483,6.61036551104071,0.47557593342976556,0.7195179558315429,1.1950938892613086,8.877006387757005,2.12699535717686,1.3502395557308293,0.9669180419830377,4.033729894419671,0.0,0.0,0.0,0.0,P. Maroon (ANA) p=1.00 | 8470920 (NJD) p=1.00 | 8476116 (DAL) p=1.00 | 8471767 (CGY) p=1.00 | E. Kane (WPG) p=1.00 | 8469759 (DAL) p=1.00 | 8475254 (MTL) p=1.00 | 8473473 (BOS) p=0.99 | 8470189 (COL) p=0.99 | 8466251 (WSH) p=0.99 | 8474250 (OTT) p=0.99 | 8475775 (PHI) p=0.99
3,165.54307134935434,6.740950226525769,0.6702820957279624,0.8768241561832445,1.5471062519112069,5.216494508301274,2.0473823423412547,1.5809711226508512,1.0000155742385202,1.3768748361322958,0.0,0.0,0.0,0.0,C. Cizikas (NYI) p=0.98 | 8471768 (TBL) p=0.98 | 8468208 (WSH) p=0.98 | 8469473 (FLA) p=0.98 | 8471476 (ANA) p=0.98 | 8470750 (COL) p=0.98 | 8469469 (CBJ) p=0.98 | 8468482 (MIN) p=0.98 | 8470775 (TBL) p=0.98 | 8472410 (NJD) p=0.98 | 8475175 (EDM) p=0.97 | 8474009 (ANA) p=0.97
