cluster,soft_size,reg_shots_per60,reg_goals_per60,reg_assists_per60,reg_points_per60,reg_hits_per60,reg_blocked_shots_per60,reg_takeaways_per60,reg_giveaways_per60,reg_pim_per60,reg_pp_share,reg_pk_share,reg_fo_pct,reg_fo_taken_per_game,prototype_players
0,74.86889672802195,5.905954366230309,0.38354644683785855,0.5141283469087506,0.8976747937466092,13.538365860524234,1.8817158318190579,1.34430667583305,1.1836930650532735,7.276168898656225,0.0,0.0,0.0,0.0,L. O'Brien (WSH) p=1.00 | Z. Rinaldo (PHI) p=1.00 | T. Wilson (WSH) p=1.00 | J. Scott (SJS) p=1.00 | S. Pinizzotto (EDM) p=1.00 | T. Sestito (NJD) p=1.00 | C. Neil (OTT) p=1.00 | M. Brown (SJS) p=1.00 | A. Peluso (WPG) p=1.00 | S. Downie (PIT) p=1.00 | E. O'Dell (WPG) p=1.00 | J. Boll (CBJ) p=1.00
1,103.72926422542014,8.202469018575961,0.8369887260270127,0.9670338785200321,1.8040226045470449,6.732900985246212,1.268102231039462,1.4487856551745686,1.508306101947019,2.1637851103875185,0.0,0.0,0.0,0.0,A. Ovechkin (WSH) p=1.00 | C. Perry (ANA) p=1.00 | J. Franzen (DET) p=1.00 | S. Hartnell (CBJ) p=1.00 | A. Ladd (WPG) p=1.00 | B. Dubinsky (CBJ) p=1.00 | W. Simmonds (PHI) p=1.00 | K. Palmieri (ANA) p=1.00 | A. Lee (NYI) p=1.00 | D. Perron (PIT/EDM) p=0.99 | M. Beleskey (ANA) p=0.99 | J. Abdelkader (DET) p=0.99
2,193.06336797663207,7.4596017738671145,0.8080632950673932,1.2129867152494884,2.0210500103168814,3.3316380835331145,1.620524792273989,1.9346166819178934,1.5663419183901282,1.2136963117764759,0.0,0.0,0.0,0.0,J. Gaudreau (CGY) p=1.00 | J. Tavares (NYI) p=1.00 | M. Stone (OTT) p=1.00 | M. Backlund (CGY) p=1.00 | S. Monahan (CGY) p=1.00 | J. Thornton (SJS) p=1.00 | K. Hayes (NYR) p=1.00 | C. Tierney (SJS) p=1.00 | P. Datsyuk (DET) p=1.00 | J. Schwartz (STL) p=1.00 | J. Pavelski (SJS) p=1.00 | J. Bailey (NYI) p=1.00
3,122.33847106992587,5.627778550261175,0.4282025774574163,0.6286219753930552,1.0568245528504714,6.848891361544672,2.931922317350507,1.4829774278743384,0.9133022250098033,1.875436985547351,0.0,0.0,0.0,0.0,B. Gordon (EDM) p=1.00 | D. Miller (DET) p=1.00 | K. Brodziak (MIN) p=1.00 | J. Vitale (ARI) p=1.00 | B. Smith (CHI/SJS) p=1.00 | M. Malhotra (MTL) p=1.00 | J. D'Amigo (BUF) p=1.00 | T. Mitchell (BUF/MTL) p=1.00 | M. Ellis (BUF) p=1.00 | L. Glendening (DET) p=1.00 | E. Haula (MIN) p=1.00 | S. Reinhart (BUF) p=1.00
