cluster,soft_size,reg_shots_per60,reg_goals_per60,reg_assists_per60,reg_points_per60,reg_hits_per60,reg_blocked_shots_per60,reg_takeaways_per60,reg_giveaways_per60,reg_pim_per60,reg_pp_share,reg_pk_share,reg_fo_pct,reg_fo_taken_per_game,prototype_players
0,111.74405681613678,3.726959986226771,0.13659809113349033,0.539564163552736,0.6761622546862263,5.549708316222658,5.177545703348643,0.8258241309709623,1.471012719641695,1.9178648106223366,0.0,0.0,0.0,0.0,E. Cernak (TBL) p=1.00 | R. Ristolainen (PHI) p=1.00 | N. Hague (VGK) p=0.99 | A. Martinez (VGK) p=0.99 | W. Borgen (SEA) p=0.99 | E. Gudbranson (CBJ) p=0.99 | 8471686 (FLA) p=0.99 | J. Middleton (MIN) p=0.99 | J. McCabe (CHI/TOR) p=0.99 | C. Soucy (SEA) p=0.99 | D. Fabbro (NSH) p=0.99 | R. Stillman (VAN/BUF) p=0.99
1,78.0292150941724,4.055328607414607,0.17961268240833014,0.877143677970068,1.0567563603783983,3.1161305847327028,4.041117624629181,0.950132579847767,1.9126462999247003,1.1703715250807296,0.0,0.0,0.0,0.0,E. Zamula (PHI) p=0.99 | 8479376 (TOR) p=0.97 | P. Broberg (EDM) p=0.97 | I. Provorov (PHI) p=0.97 | H. Thrun (SJS) p=0.96 | K. Guhle (MTL) p=0.95 | N. Jensen (WSH) p=0.95 | D. Doughty (LAK) p=0.95 | C. York (PHI) p=0.95 | J. Sanderson (OTT) p=0.95 | T. Harley (DAL) p=0.94 | R. Sandin (TOR/WSH) p=0.94
2,44.270879506105594,3.745156164885545,0.23890102787032344,0.44002137439809946,0.6789224022684229,7.8280681291766,5.173083399051,0.6517442603163796,2.215339949074149,3.2842463321119166,0.0,0.0,0.0,0.0,8474818 (TOR) p=1.00 | 8475227 (MTL) p=1.00 | A. Xhekaj (MTL) p=1.00 | 8479338 (EDM) p=1.00 | C. Mackey (ARI/CGY) p=1.00 | 8478491 (OTT) p=1.00 | D. McIlrath (WSH) p=1.00 | 8481537 (NJD) p=1.00 | 8477981 (NSH) p=1.00 | 8484287 (VAN) p=1.00 | S. Edvinsson (DET) p=1.00 | 8482399 (CBJ) p=1.00
3,62.9558485835852,5.69889018517303,0.35708854236526766,1.153269877574566,1.5103584199398334,2.9564124938520955,3.522464807148799,1.5839850629932792,1.762761434201704,1.3143122017240705,0.0,0.0,0.0,0.0,P. Myers (TBL) p=1.00 | E. Karlsson (SJS) p=1.00 | Z. Werenski (CBJ) p=1.00 | J. Slavin (CAR) p=1.00 | A. Fox (NYR) p=1.00 | B. Burns (CAR) p=1.00 | C. Makar (COL) p=1.00 | D. Hamilton (NJD) p=1.00 | Q. Hughes (VAN) p=1.00 | E. Bouchard (EDM) p=1.00 | I. Phillips (CHI) p=1.00 | R. Josi (NSH) p=1.00
