cluster,soft_size,reg_shots_per60,reg_goals_per60,reg_assists_per60,reg_points_per60,reg_hits_per60,reg_blocked_shots_per60,reg_takeaways_per60,reg_giveaways_per60,reg_pim_per60,reg_pp_share,reg_pk_share,reg_fo_pct,reg_fo_taken_per_game,prototype_players
0,230.46306637243032,7.567714223794819,0.8313768765571395,1.2007940441604605,2.0321709207175997,3.0916533117404774,1.4747160736957365,1.8432879607391386,1.5821534416821397,1.4087292643712124,0.0,0.0,0.0,0.0,T. Seguin (DAL) p=1.00 | C. Smith (NSH) p=1.00 | J. Eberle (EDM) p=1.00 | J. Tavares (NYI) p=1.00 | 8466148 (CHI) p=1.00 | 8468083 (DET) p=1.00 | 8469466 (EDM/OTT) p=1.00 | 8469455 (OTT) p=1.00 | 8467514 (DET) p=1.00 | R. Nugent-Hopkins (EDM) p=1.00 | 8466378 (TBL/NYR) p=1.00 | R. Strome (NYI) p=1.00
1,60.113097668309265,5.166467708774359,0.2861041866202442,0.41477483367675455,0.7008790202969989,14.211576220099792,2.4871361232941798,0.8462372824660213,0.8263368647429365,11.41695753369427,0.0,0.0,0.0,0.0,8468095 (MTL) p=1.00 | 8470816 (PHI) p=1.00 | 8473712 (TOR) p=1.00 | 8460720 (NYI) p=1.00 | 8471719 (OTT) p=1.00 | 8473542 (VAN) p=1.00 | 8468778 (TOR) p=1.00 | 8469490 (ANA/CGY) p=1.00 | 8473722 (BUF) p=1.00 | 8474736 (PHI) p=1.00 | 8473989 (EDM) p=1.00 | 8471733 (NSH) p=1.00
2,72.32927539939236,6.636066986999073,0.6132098272058458,0.7323173334824454,1.3455271606882913,8.80606161717387,2.0631586679883904,1.4707226211294462,1.2300581715523322,4.706262488943985,0.0,0.0,0.0,0.0,8475214 (CHI) p=1.00 | 8471767 (CGY) p=1.00 | 8474616 (WPG) p=1.00 | 8476179 (EDM) p=1.00 | 8476116 (DAL) p=1.00 | 8475178 (VAN) p=1.00 | 8471703 (PHI/COL) p=1.00 | 8470123 (NJD) p=1.00 | 8471681 (CBJ) p=1.00 | 8471956 (SJS) p=1.00 | 8476158 (PIT) p=1.00 | 8474668 (VAN/MTL) p=1.00
3,147.094560559868,6.466214289521733,0.5435451182626728,0.7368553777674821,1.280400496030155,6.511468499555251,2.13482856413114,1.4012760691967336,0.9392100958030326,1.8093170192788002,0.0,0.0,0.0,0.0,Z. Girgensons (BUF) p=0.99 | 8471232 (PHX) p=0.99 | 8469473 (FLA/PIT) p=0.99 | 8471716 (DET) p=0.99 | 8471338 (MIN/BUF) p=0.99 | 8470775 (TBL) p=0.99 | C. Cizikas (NYI) p=0.99 | 8470877 (CGY) p=0.99 | 8469664 (PHX) p=0.99 | 8470609 (NJD) p=0.98 | 8471339 (NYR/TBL) p=0.98 | 8474001 (CGY) p=0.98
