cluster,soft_size,reg_shots_per60,reg_goals_per60,reg_assists_per60,reg_points_per60,reg_hits_per60,reg_blocked_shots_per60,reg_takeaways_per60,reg_giveaways_per60,reg_pim_per60,reg_pp_share,reg_pk_share,reg_fo_pct,reg_fo_taken_per_game,prototype_players
0,47.75933872406555,5.0881193558021405,0.39890248354997515,0.43358948616702686,0.832491969717002,14.703285281053706,2.4094943570426786,0.9558192593740052,1.0204630012500033,15.348063006259023,0.0,0.0,0.0,0.0,M. Brown (EDM/TOR) p=1.00 | B. Staubitz (ANA) p=1.00 | F. McLaren (TOR/SJS) p=1.00 | E. Boulton (NYI) p=1.00 | M. Kassian (OTT) p=1.00 | C. Orr (TOR) p=1.00 | J. Rosehill (PHI) p=1.00 | Z. Konopka (MIN) p=1.00 | Z. Rinaldo (PHI) p=1.00 | J. Scott (BUF) p=1.00 | K. Barch (NJD) p=1.00 | T. Sestito (VAN/PHI) p=1.00
1,167.0348564188318,7.668357773450815,0.8891647401093101,1.2698630508850666,2.1590277909943767,3.0469845499834114,1.3658273919422277,1.903041664313299,1.762194447719044,1.5697413979806587,0.0,0.0,0.0,0.0,A. Chiasson (DAL) p=1.00 | R. Whitney (DAL) p=1.00 | T. Vanek (BUF) p=1.00 | P. Datsyuk (DET) p=1.00 | R. Dvorak (ANA) p=1.00 | S. Crosby (PIT) p=1.00 | J. Thornton (SJS) p=1.00 | M. St. Louis (TBL) p=1.00 | P. Kessel (TOR) p=1.00 | A. Semin (CAR) p=1.00 | J. Tavares (NYI) p=1.00 | T. Hall (EDM) p=1.00
2,91.6627335077483,6.61036551104071,0.47557593342976556,0.7195179558315429,1.1950938892613086,8.877006387757005,2.12699535717686,1.3502395557308293,0.9669180419830377,4.033729894419671,0.0,0.0,0.0,0.0,P. Maroon (ANA) p=1.00 | D. Clarkson (NJD) p=1.00 | R. Garbutt (DAL) p=1.00 | B. Jones (CGY) p=1.00 | E. Kane (WPG) p=1.00 | V. Fiddler (DAL) p=1.00 | G. Dumont (MTL) p=1.00 | M. Lucic (BOS) p=0.99 | D. Van Der Gulik (COL) p=0.99 | J. Chimera (WSH) p=0.99 | Z. Smith (OTT) p=0.99 | T. McGinn (PHI) p=0.99
3,165.54307134935434,6.740950226525769,0.6702820957279624,0.8768241561832445,1.5471062519112069,5.216494508301274,2.0473823423412547,1.5809711226508512,1.0000155742385202,1.3768748361322958,0.0,0.0,0.0,0.0,C. Cizikas (NYI) p=0.98 | T. Pyatt (TBL) p=0.98 | J. Ward (WSH) p=0.98 | M. Goc (FLA) p=0.98 | D. Winnik (ANA) p=0.98 | J. Mitchell (COL) p=0.98 | R. Umberger (CBJ) p=0.98 | D. Heatley (MIN) p=0.98 | N. Thompson (TBL) p=0.98 | S. Gionta (NJD) p=0.98 | M. Paajarvi (EDM) p=0.97 | N. Bonino (ANA) p=0.97
