cluster,soft_size,reg_shots_per60,reg_goals_per60,reg_assists_per60,reg_points_per60,reg_hits_per60,reg_blocked_shots_per60,reg_takeaways_per60,reg_giveaways_per60,reg_pim_per60,reg_pp_share,reg_pk_share,reg_fo_pct,reg_fo_taken_per_game,prototype_players
0,95.44298121599428,8.832006924785844,1.1666728316660622,1.5477295296421778,2.7144023613082404,2.5642938347979944,1.3080403402451264,1.9812633780054285,2.286356715010559,1.599379490380263,0.0,0.0,0.0,0.0,N. Kucherov (TBL) p=1.00 | D. Pastrnak (BOS) p=1.00 | A. Panarin (NYR) p=1.00 | L. Draisaitl (EDM) p=1.00 | E. Malkin (PIT) p=1.00 | J. Hughes (NJD) p=1.00 | M. Marner (TOR) p=1.00 | M. Barzal (NYI) p=1.00 | B. Marchand (BOS) p=1.00 | M. Tkachuk (FLA) p=1.00 | C. McDavid (EDM) p=1.00 | J. Robertson (DAL) p=1.00
1,188.1707202990268,6.699601932994042,0.6680769150183737,0.7471208827725373,1.415197797790911,6.6732816054757125,2.4358997740832553,1.6038995973969186,1.2551969852510567,2.149674198322203,0.0,0.0,0.0,0.0,8471887 (FLA) p=1.00 | 8476948 (COL) p=1.00 | M. Eyssimont (SJS/TBL/WPG) p=1.00 | 8481239 (LAK) p=1.00 | N. Gregor (SJS) p=1.00 | W. Carrier (VGK) p=1.00 | F. Vatrano (ANA) p=1.00 | R. Colton (TBL) p=1.00 | R. Poehling (PIT) p=1.00 | O. Wahlstrom (NYI) p=1.00 | 8475278 (VGK) p=1.00 | W. Duehr (CGY) p=1.00
2,59.689995724837445,5.6116597102150365,0.42212685713494247,0.5519110639689346,0.9740379211038771,14.053181638400664,3.0709301616681084,1.1793173390537415,1.0278000092066275,5.771266126387317,0.0,0.0,0.0,0.0,G. Smith (FLA/DET) p=1.00 | 8474190 (TOR) p=1.00 | 8483597 (ARI) p=1.00 | R. Johnston (NYI) p=1.00 | N. Deslauriers (PHI) p=1.00 | A. Greer (BOS) p=1.00 | L. O'Brien (ARI) p=1.00 | M. Kastelic (OTT) p=1.00 | 8477962 (LAK/PHI) p=1.00 | K. MacDermid (COL) p=1.00 | J. Gadjovich (SJS) p=1.00 | M. Pezzetta (MTL) p=1.00
3,187.69630276014146,7.223196753388371,0.8258495271770024,1.2234961778596531,2.0493457050366555,3.181317464349838,1.7756681823761837,1.7268473147332586,1.4719355533710945,1.182208954532074,0.0,0.0,0.0,0.0,E. Lindholm (CGY) p=0.99 | B. Boeser (VAN) p=0.99 | C. Perfetti (WPG) p=0.99 | W. Karlsson (VGK) p=0.99 | T. Hertl (SJS) p=0.99 | 8480008 (CGY) p=0.99 | E. Dadonov (MTL/DAL) p=0.99 | P. Tomasino (NSH) p=0.99 | V. Tarasenko (STL/NYR) p=0.99 | 8482222 (SJS) p=0.98 | T. Johnson (CHI) p=0.98 | C. Glass (NSH) p=0.98
