cluster,soft_size,reg_shots_per60,reg_goals_per60,reg_assists_per60,reg_points_per60,reg_hits_per60,reg_blocked_shots_per60,reg_takeaways_per60,reg_giveaways_per60,reg_pim_per60,reg_pp_share,reg_pk_share,reg_fo_pct,reg_fo_taken_per_game,prototype_players
0,136.4316519332252,6.476560266255276,0.6162004919063752,0.8187975437916616,1.4349980356980367,8.187915911350693,1.4200780904378956,1.6064678871323521,1.9871748395733613,4.665331240317227,0.0,0.0,0.0,0.0,C. McAllister (PHI) p=1.00 | J. Williams (DET) p=1.00 | J. O'Neill (CAR) p=1.00 | J. Murphy (WSH) p=1.00 | G. Marshall (DAL) p=1.00 | M. Lapointe (DET) p=1.00 | L. Goren (BOS) p=1.00 | R. Corbet (PIT) p=1.00 | E. Lacroix (NYR/OTT) p=1.00 | L. Wilson (PHX) p=1.00 | B. Holik (NJD) p=1.00 | G. Roberts (TOR) p=1.00
1,149.07339962223782,5.638534687790525,0.539283674681666,0.8248484844157745,1.3641321590974407,4.234408343099535,1.9212589616689826,1.8735780799245743,1.846375371011188,1.8718764278218063,0.0,0.0,0.0,0.0,S. Drulia (TBL) p=1.00 | M. Sullivan (PHX) p=1.00 | D. Bylsma (ANA) p=1.00 | W. Walz (MIN) p=1.00 | W. Smith (PHX) p=1.00 | D. Reid (COL) p=1.00 | T. Marchant (EDM) p=1.00 | C. Brown (BUF) p=1.00 | C. Lapointe (NYI) p=1.00 | J. Ylonen (PHX) p=1.00 | P. Poulin (MTL) p=1.00 | P. Hubacek (PHI) p=1.00
2,47.79540007996512,5.333126225180022,0.328746799602873,0.4994555453627889,0.8282023449656619,12.595540614460957,1.2742940500427447,1.0863455323636377,1.802800269345775,19.631792249492737,0.0,0.0,0.0,0.0,A. Roy (OTT) p=1.00 | K. Oliwa (PIT/CBJ) p=1.00 | D. Hordichuk (ATL) p=1.00 | R. Ray (BUF) p=1.00 | K. Belanger (BOS) p=1.00 | G. Dwyer (TBL) p=1.00 | B. Myhres (NSH/WSH) p=1.00 | E. Boulton (BUF) p=1.00 | D. Langdon (CAR) p=1.00 | R. Low (STL) p=1.00 | S. Grimson (LAK) p=1.00 | S. McKenna (MIN/PIT) p=1.00
3,171.69954836457185,7.707597787621404,0.9838337905430978,1.4181253894523438,2.401959179995442,2.7704621977062036,1.0583661295480906,1.8780373584258367,2.6108403660422033,1.9294357801506135,0.0,0.0,0.0,0.0,M. Lemieux (PIT) p=1.00 | B. Hull (DAL) p=1.00 | P. Forsberg (COL) p=1.00 | P. Elias (NJD) p=1.00 | A. Mogilny (NJD) p=1.00 | J. Jagr (PIT) p=1.00 | Z. Palffy (LAK) p=1.00 | J. Hlavac (NYR) p=1.00 | P. Sykora (NJD) p=1.00 | M. Naslund (VAN) p=1.00 | D. Brière (PHX) p=1.00 | P. Turgeon (STL) p=1.00
