cluster,soft_size,reg_shots_per60,reg_goals_per60,reg_assists_per60,reg_points_per60,reg_hits_per60,reg_blocked_shots_per60,reg_takeaways_per60,reg_giveaways_per60,reg_pim_per60,reg_pp_share,reg_pk_share,reg_fo_pct,reg_fo_taken_per_game,prototype_players
0,104.3035059746602,5.546561622343868,0.43911032430339014,0.6272691916675756,1.0663795159709655,5.153463104844349,2.8291061033398446,1.534243798644254,0.938096205430889,1.4443562598119901,0.0,0.0,0.0,0.0,N. Bonino (PIT) p=1.00 | E. Fehr (PIT) p=1.00 | D. Miller (DET) p=1.00 | M. Rantanen (COL) p=1.00 | B. Smith (TOR/SJS) p=1.00 | C. Stephenson (WSH) p=1.00 | B. Gordon (ARI) p=1.00 | L. Dauphin (ARI) p=1.00 | N. Spaling (SJS/TOR) p=1.00 | J. Mitchell (COL) p=1.00 | P. Bellemare (PHI) p=1.00 | B. Leipsic (TOR) p=1.00
1,80.68089055252725,5.591808980523783,0.380081709615219,0.5450420328352646,0.9251237424504838,13.50038565432376,2.234521287852122,1.0307597174192107,1.1261737837628805,6.797487163251434,0.0,0.0,0.0,0.0,J. Scott (ARI/MTL) p=1.00 | J. Boll (CBJ) p=1.00 | C. Neil (OTT) p=1.00 | S. Downie (ARI) p=1.00 | Z. Rinaldo (BOS) p=1.00 | T. Randell (BOS) p=1.00 | M. Brown (SJS/MTL) p=1.00 | Z. Kassian (EDM) p=1.00 | M. Haley (SJS) p=1.00 | G. Hathaway (CGY) p=1.00 | A. Peluso (WPG) p=1.00 | B. Bollig (CGY) p=1.00
2,121.13771649224984,7.269380586106573,0.7005415557927077,0.8111984611281869,1.5117400169208945,7.4131684395609,1.7179062084776395,1.3249462846371993,1.3183789118003262,2.3367898070652773,0.0,0.0,0.0,0.0,E. Kane (BUF) p=1.00 | A. Ovechkin (WSH) p=1.00 | C. Kreider (NYR) p=0.99 | S. Wilson (PIT) p=0.99 | D. Brown (LAK) p=0.99 | S. Doan (ARI) p=0.99 | D. Perron (PIT/ANA) p=0.99 | J. Hayes (BOS) p=0.99 | B. Jenner (CBJ) p=0.99 | N. Soshnikov (TOR) p=0.99 | M. Hanzal (ARI) p=0.99 | Z. Smith (OTT) p=0.99
3,205.87788698056272,7.604988958747261,0.846109936458516,1.179163745738937,2.0252736821974526,2.930954531986892,1.4930691242409966,1.7549251051895502,1.6464074553899242,1.298861874134653,0.0,0.0,0.0,0.0,J. Thornton (SJS) p=1.00 | D. Pastrnak (BOS) p=1.00 | E. Kuznetsov (WSH) p=1.00 | J. Tavares (NYI) p=1.00 | C. McDavid (EDM) p=1.00 | J. Spezza (DAL) p=1.00 | J. Gaudreau (CGY) p=1.00 | J. Skinner (CAR) p=1.00 | M. Stone (OTT) p=1.00 | C. Brown (TOR) p=1.00 | D. Ryan (CAR) p=1.00 | L. Couture (SJS) p=1.00
