cluster,soft_size,reg_shots_per60,reg_goals_per60,reg_assists_per60,reg_points_per60,reg_hits_per60,reg_blocked_shots_per60,reg_takeaways_per60,reg_giveaways_per60,reg_pim_per60,reg_pp_share,reg_pk_share,reg_fo_pct,reg_fo_taken_per_game,prototype_players
0,216.05764620229695,8.02156796817611,0.9465567279477796,1.3620155010002266,2.308572228948006,2.305485749381009,1.3643814390333373,1.8110382739434088,2.0580451040944263,1.9379293362840535,0.0,0.0,0.0,0.0,P. Stastny (COL) p=1.00 | D. Langkow (CGY) p=1.00 | M. Nylander (NYR) p=1.00 | R. Smyth (EDM/NYI) p=1.00 | R. Whitney (CAR) p=1.00 | D. Alfredsson (OTT) p=1.00 | C. Drury (BUF) p=1.00 | A. Brunette (COL) p=1.00 | M. St. Louis (TBL) p=1.00 | P. Schaefer (OTT) p=1.00 | J. Sakic (COL) p=1.00 | Z. Parise (NJD) p=1.00
1,70.76550622834296,8.168887238830878,0.8374056832685124,1.1056569703042827,1.9430626535727946,6.0145814596495,1.2803155842381495,1.5188073311296153,2.2701905515970124,4.069977948852801,0.0,0.0,0.0,0.0,R. Callahan (NYR) p=1.00 | M. Ellis (DET) p=1.00 | P. Kalus (BOS) p=1.00 | P. Forsberg (PHI/NSH) p=1.00 | T. Bertuzzi (DET/FLA) p=1.00 | R. Torres (EDM) p=1.00 | K. Pushkarev (LAK) p=1.00 | E. Lindros (DAL) p=1.00 | C. Simon (NYI) p=1.00 | E. Cole (CAR) p=1.00 | M. Ricci (PHX) p=1.00 | B. Morrow (DAL) p=0.99
2,148.83458688365545,6.188828907908814,0.5246956179433575,0.7214719604155436,1.246167578358901,4.858348510796085,2.476609565353668,1.7131246716129702,1.3444269775789188,2.827190578745552,0.0,0.0,0.0,0.0,D. Steckel (WSH) p=1.00 | R. Fata (WSH) p=1.00 | B. Guite (COL) p=1.00 | A. McCauley (LAK) p=1.00 | R. Johnson (STL) p=1.00 | M. Peca (TOR) p=1.00 | G. Murray (MTL) p=1.00 | M. Dandenault (MTL) p=1.00 | B. Betts (NYR) p=1.00 | J. Smithson (NSH) p=1.00 | B. Sutherby (WSH) p=1.00 | C. Brown (SJS) p=1.00
3,52.342260685704595,5.446805529111986,0.31973675478924213,0.5146984498359365,0.8344352046251786,11.921637857352506,1.592878538938861,1.2459456230173607,1.6046280522282115,17.60573795552676,0.0,0.0,0.0,0.0,A. Downey (MTL) p=1.00 | K. Barch (DAL) p=1.00 | A. Peters (BUF) p=1.00 | W. Belak (TOR) p=1.00 | C. Janssen (NJD) p=1.00 | D. Boogaard (MIN) p=1.00 | D. King (STL) p=1.00 | B. Prust (CGY) p=1.00 | D. Hordichuk (NSH) p=1.00 | B. Eager (PHI) p=1.00 | Z. Stortini (EDM) p=1.00 | C. Orr (NYR) p=1.00
