cluster,soft_size,reg_shots_per60,reg_goals_per60,reg_assists_per60,reg_points_per60,reg_hits_per60,reg_blocked_shots_per60,reg_takeaways_per60,reg_giveaways_per60,reg_pim_per60,reg_pp_share,reg_pk_share,reg_fo_pct,reg_fo_taken_per_game,prototype_players
0,142.1430502339154,2.9218126068140777,0.10785521681750627,0.5268247343715234,0.6346799511890298,4.347003990688845,4.8046510702983305,0.848013802057453,1.6219187035268914,2.388383995069032,0.0,0.0,0.0,0.0,8467369 (PHI/VAN) p=1.00 | 8465042 (BUF) p=0.99 | 8460626 (NJD) p=0.99 | 8470699 (CBJ) p=0.99 | 8471222 (EDM) p=0.99 | 8459628 (PIT) p=0.99 | 8469472 (WSH) p=0.99 | 8465005 (NJD) p=0.99 | 8468534 (DET) p=0.99 | 8467531 (TOR) p=0.99 | 8464981 (CGY) p=0.99 | 8468484 (CBJ) p=0.99
1,107.15705629995021,4.91252761527005,0.31140703128081215,0.9452486337096639,1.2566556649904763,2.8797920088830096,3.4490442155595247,1.1275056181117777,1.6996660842472082,1.8664688423492166,0.0,0.0,0.0,0.0,8472262 (CBJ/ATL) p=1.00 | 8470714 (NYR) p=1.00 | 8471242 (WSH) p=1.00 | 8470834 (CHI) p=1.00 | 8471359 (TBL) p=1.00 | 8460561 (EDM) p=1.00 | 8468520 (MIN) p=1.00 | 8470265 (CAR) p=1.00 | 8470988 (CAR) p=1.00 | 8469765 (MIN) p=1.00 | 8470642 (NSH) p=1.00 | Z. Bogosian (ATL) p=1.00
2,20.699893466134398,2.8794701101754794,0.0568143885682844,0.35675632220641446,0.41357071077469887,8.090995336184747,4.442054138507123,0.8319800169234214,1.9455348069435225,8.699777699707877,0.0,0.0,0.0,0.0,8470843 (ANA) p=1.00 | 8470101 (CAR) p=1.00 | 8473525 (EDM) p=1.00 | 8467422 (VAN) p=1.00 | 8473426 (BUF) p=1.00 | 8470170 (CBJ) p=1.00 | 8471223 (ATL) p=1.00 | 8468650 (MIN/NYR) p=1.00 | 8470839 (VAN/TBL) p=1.00 | 8468213 (CGY) p=1.00 | 8469992 (ANA/NJD) p=1.00 | 8468090 (ATL) p=1.00
3,1.0,7.128712871287129,0.8910891089108911,0.0,0.8910891089108911,13.366336633663366,5.346534653465347,0.8910891089108911,0.0,35.64356435643565,0.0,0.0,0.0,0.0,8469044 (CAR) p=1.00 | 8470324 (MTL) p=0.00 | 8470602 (CGY) p=0.00 | 8470601 (PHI) p=0.00 | R. Suter (NSH) p=0.00 | 8470578 (NYI) p=0.00 | 8470575 (LAK) p=0.00 | 8470329 (NYI/OTT) p=0.00 | 8445550 (SJS) p=0.00 | B. Burns (MIN) p=0.00 | 8470318 (DET) p=0.00 | 8470310 (CBJ) p=0.00
