cluster,soft_size,reg_shots_per60,reg_goals_per60,reg_assists_per60,reg_points_per60,reg_hits_per60,reg_blocked_shots_per60,reg_takeaways_per60,reg_giveaways_per60,reg_pim_per60,reg_pp_share,reg_pk_share,reg_fo_pct,reg_fo_taken_per_game,prototype_players
0,153.48928624530447,7.424716938481941,0.8477754288447649,1.1134959373391884,1.961271366183953,2.951143175340156,1.7197179524348407,1.8669548615244242,1.7571242989185196,1.0470679960232052,0.0,0.0,0.0,0.0,T. Boyd (WSH) p=0.97 | 8470794 (SJS) p=0.97 | A. Kopitar (LAK) p=0.97 | A. Duclair (CBJ/OTT) p=0.97 | N. Hischier (NJD) p=0.97 | B. Nelson (NYI) p=0.97 | D. Heinen (BOS) p=0.97 | J. Guentzel (PIT) p=0.97 | 8478866 (PIT) p=0.97 | S. Couturier (PHI) p=0.97 | J. Schwartz (STL) p=0.96 | A. Burakovsky (WSH) p=0.96
1,221.81687454908075,6.325978401252789,0.5488828742111875,0.6947070983315359,1.2435899725427233,6.9981639875135775,2.335745115062145,1.6029477801975403,1.3467805630840253,1.6845270425360304,0.0,0.0,0.0,0.0,N. Foligno (CBJ) p=1.00 | R. Faksa (DAL) p=1.00 | J. Martinook (CAR) p=1.00 | A. Lowry (WPG) p=1.00 | 8475728 (BUF) p=1.00 | 8470611 (MIN) p=1.00 | 8477455 (DET) p=1.00 | 8475855 (NYR) p=1.00 | 8474683 (ANA/PIT) p=1.00 | 8471260 (DAL) p=1.00 | 8477290 (PHI) p=1.00 | 8475323 (CHI) p=1.00
2,55.96204602999079,6.613605799416072,0.5692439504492705,0.674952101444944,1.2441960518942143,11.650872245001418,2.2875022330598807,1.3606051079483168,1.8195362053008344,5.2591559844876485,0.0,0.0,0.0,0.0,8471657 (NYR/NSH) p=1.00 | 8474230 (SJS/FLA) p=1.00 | 8477962 (WPG/NYR) p=1.00 | 8476545 (NJD) p=1.00 | R. Johnston (NYI) p=1.00 | K. MacDermid (LAK) p=1.00 | A. Greer (COL) p=1.00 | 8475325 (STL) p=1.00 | N. Bastian (NJD) p=1.00 | 8477502 (PHI) p=1.00 | 8475423 (VAN/OTT) p=1.00 | 8474849 (VAN) p=1.00
3,91.731793175624,8.416132855244786,1.0682518412588597,1.6356249341941593,2.703876775453019,2.6755047458958465,1.4766187964087691,2.16380523685348,2.604561667584564,1.5225867880216597,0.0,0.0,0.0,0.0,N. Kucherov (TBL) p=1.00 | C. McDavid (EDM) p=1.00 | D. Pastrnak (BOS) p=1.00 | T. Hall (NJD) p=1.00 | 8476346 (CGY) p=1.00 | B. Marchand (BOS) p=1.00 | L. Draisaitl (EDM) p=1.00 | 8473548 (PIT) p=1.00 | J. Huberdeau (FLA) p=1.00 | 8474884 (FLA) p=1.00 | M. Barzal (NYI) p=1.00 | D. Larkin (DET) p=1.00
