cluster,soft_size,reg_shots_per60,reg_goals_per60,reg_assists_per60,reg_points_per60,reg_hits_per60,reg_blocked_shots_per60,reg_takeaways_per60,reg_giveaways_per60,reg_pim_per60,reg_pp_share,reg_pk_share,reg_fo_pct,reg_fo_taken_per_game,prototype_players
0,31.96316607222919,3.675160839489797,0.19988622209524248,0.35775066076856715,0.5576368828638095,5.939950790306669,4.4672611724375955,0.4698753571093593,1.721316645730162,4.665606945466451,0.0,0.0,0.0,0.0,N. Yonkman (PHX) p=1.00 | M. Moore (SJS) p=1.00 | M. Corrente (NJD) p=1.00 | M. Carkner (OTT) p=1.00 | C. Gaunce (COL) p=1.00 | T. Peckham (EDM) p=1.00 | A. Sutton (ANA) p=1.00 | M. Commodore (CBJ) p=1.00 | D. Engelland (PIT) p=1.00 | T. Strachan (STL) p=1.00 | S. Brookbank (ANA) p=1.00 | Y. Sauve (VAN) p=0.99
1,79.28977497529864,3.7627554620971297,0.18177255502904593,0.710700677164637,0.892473232193683,3.0683403137081418,4.399681392777987,1.1390433443401469,1.5245885710410625,1.2561525114556347,0.0,0.0,0.0,0.0,M. Katic (NYI) p=1.00 | M. Vernace (TBL) p=0.99 | A. MacDonald (NYI) p=0.99 | J. Oduya (ATL) p=0.97 | K. Cumiskey (COL) p=0.96 | M. Staal (NYR) p=0.96 | B. Gervais (NYI) p=0.95 | M. Lashoff (TOR) p=0.95 | F. Tyutin (CBJ) p=0.94 | D. Hamhuis (VAN) p=0.93 | R. Martinek (NYI) p=0.93 | J. McBain (CAR) p=0.92
2,78.70384033711602,2.692873348825981,0.07958070932409102,0.4430824048988665,0.5226631142229576,5.4602400768573185,5.090254247887395,0.7548849060326585,1.3947340918571154,2.332684098354992,0.0,0.0,0.0,0.0,R. O'Byrne (COL/MTL) p=1.00 | B. Orpik (PIT) p=1.00 | M. Ohlund (TBL) p=1.00 | A. Lilja (ANA) p=1.00 | S. Morrisonn (BUF) p=1.00 | G. Zanon (MIN) p=1.00 | T. Gleason (CAR) p=1.00 | S. Eminger (NYR) p=1.00 | J. Strudwick (EDM) p=0.99 | N. Grossmann (DAL) p=0.99 | R. Regehr (CGY) p=0.99 | M. Methot (CBJ) p=0.99
3,76.04321861535617,5.171042197599456,0.25847556165972135,0.8857252835275317,1.144200845187253,3.3564044079754214,4.08832775940696,1.1527130467146967,1.850419344022917,1.796368641772587,0.0,0.0,0.0,0.0,D. Byfuglien (ATL) p=1.00 | M. Noreau (MIN) p=1.00 | C. Franson (NSH) p=1.00 | P. Larsen (DAL) p=1.00 | K. Letang (PIT) p=1.00 | A. Benoit (OTT) p=1.00 | E. Karlsson (OTT) p=1.00 | B. Rafalski (DET) p=1.00 | K. Foster (EDM) p=1.00 | T. Hamonic (NYI) p=1.00 | R. Whitney (EDM) p=1.00 | Z. Chara (BOS) p=1.00
