cluster,soft_size,reg_shots_per60,reg_goals_per60,reg_assists_per60,reg_points_per60,reg_hits_per60,reg_blocked_shots_per60,reg_takeaways_per60,reg_giveaways_per60,reg_pim_per60,reg_pp_share,reg_pk_share,reg_fo_pct,reg_fo_taken_per_game,prototype_players
0,96.71009470416175,6.058036059851476,0.4624640138759247,0.7012471848550789,1.1637111987310036,10.44245157334489,2.5132929140359366,1.2712858697709193,1.148820861446619,3.7939381852284835,0.0,0.0,0.0,0.0,R. Lomberg (FLA) p=1.00 | S. Carrick (ANA) p=1.00 | M. Olivier (NSH) p=1.00 | 8477962 (NYR/LAK) p=1.00 | 8477502 (PHI) p=1.00 | Z. MacEwen (VAN) p=1.00 | J. Viel (SJS) p=1.00 | J. Hayden (ARI) p=1.00 | T. Frederic (BOS) p=1.00 | G. Smith (DET) p=1.00 | A. Watson (OTT) p=1.00 | T. Wilson (WSH) p=1.00
1,209.040167801181,5.914955698353142,0.6275158888613023,0.7509905968128009,1.3785064856741032,5.617556706041377,2.0554907743009636,1.3161144927907413,1.1248019281361206,1.3749803539012657,0.0,0.0,0.0,0.0,J. Kiviranta (DAL) p=0.99 | C. Sissons (NSH) p=0.99 | 8478067 (PHI) p=0.99 | M. Highmore (VAN/CHI) p=0.99 | N. Sturm (MIN) p=0.99 | J. Eriksson Ek (MIN) p=0.99 | J. Compher (COL) p=0.99 | C. Dvorak (ARI) p=0.99 | C. Lazar (BUF/BOS) p=0.99 | S. Lorentz (CAR) p=0.99 | Z. Aston-Reese (PIT) p=0.99 | V. Namestnikov (DET) p=0.99
2,5.103104551697815,3.488226762951225,4.6780601512150757e-07,1.1321277613131995,1.1321282291192147,19.914736421812332,2.6851363863192246,1.0810323943969469,0.27564268602248687,20.885466736916346,0.0,0.0,0.0,0.0,8476545 (SJS) p=1.00 | L. O'Brien (COL) p=1.00 | R. Johnston (NYI) p=1.00 | M. McCarron (NSH) p=1.00 | G. Denisenko (FLA) p=1.00 | 8479986 (VAN) p=0.04 | 8481740 (NJD) p=0.02 | M. Stephens (TBL) p=0.02 | 8480005 (WPG) p=0.02 | 8478027 (CHI/FLA) p=0.00 | 8478866 (CGY) p=0.00 | 8479358 (PHI) p=0.00
3,206.1466329429594,7.761556323528027,0.9571040363812934,1.3313048365112246,2.288408872892518,3.1492102626168803,1.3170901522084615,1.641103720362008,1.8164694691790753,1.2650016442920633,0.0,0.0,0.0,0.0,C. McDavid (EDM) p=1.00 | L. Draisaitl (EDM) p=1.00 | A. Matthews (TOR) p=1.00 | A. Panarin (NYR) p=1.00 | S. Crosby (PIT) p=1.00 | M. Marner (TOR) p=1.00 | S. Aho (CAR) p=1.00 | B. Marchand (BOS) p=1.00 | J. Tavares (TOR) p=1.00 | J. Huberdeau (FLA) p=1.00 | D. Pastrnak (BOS) p=1.00 | W. Nylander (TOR) p=1.00
