cluster,soft_size,reg_shots_per60,reg_goals_per60,reg_assists_per60,reg_points_per60,reg_hits_per60,reg_blocked_shots_per60,reg_takeaways_per60,reg_giveaways_per60,reg_pim_per60,reg_pp_share,reg_pk_share,reg_fo_pct,reg_fo_taken_per_game,prototype_players
0,127.02911842185628,3.708420120621826,0.1603258425591869,0.5562250524659688,0.7165508950251558,3.0154395123813083,3.7724732017360685,0.8666366875232777,1.8685315858776754,2.1492069991007505,0.0,0.0,0.0,0.0,N. Kronwall (DET) p=0.99 | T. Lydman (CGY) p=0.98 | A. Johnson (CBJ) p=0.98 | A. Foote (COL) p=0.98 | B. Mironov (NYR) p=0.98 | B. Hedican (CAR) p=0.97 | C. Sarich (TBL) p=0.97 | B. Lukowich (TBL) p=0.97 | A. Khavanov (STL) p=0.97 | M. Biron (FLA) p=0.97 | M. Timander (PHI/NYI) p=0.97 | M. Strbak (PIT/LAK) p=0.97
1,78.08023111876983,5.137696758392752,0.29141365980261624,0.8504647046715814,1.1418783644741974,2.5857028288632162,3.070370103367942,1.0731030078659753,2.3297991223010057,1.773110484124312,0.0,0.0,0.0,0.0,T. Pock (NYR) p=1.00 | A. Babchuk (CHI) p=1.00 | C. Johansson (TOR) p=1.00 | B. Berard (CHI) p=1.00 | A. Hutchinson (NSH) p=1.00 | D. Seidenberg (PHI) p=1.00 | S. Souray (MTL) p=1.00 | S. Ozolinsh (ANA) p=1.00 | M. Bergeron (EDM) p=1.00 | S. Niedermayer (NJD) p=1.00 | J. Pollock (STL) p=1.00 | R. Blake (COL) p=1.00
2,1.0,3.889489118691156,1.1112826053403302,0.0,1.1112826053403302,6.667695632041982,1.6669239080104954,1.6669239080104954,3.333847816020991,73.90029325513197,0.0,0.0,0.0,0.0,W. Brookbank (VAN/NSH) p=1.00 | T. Albelin (NJD) p=0.00 | T. Rohloff (WSH/CBJ) p=0.00 | M. Skoula (COL/ANA) p=0.00 | B. Allen (VAN) p=0.00 | B. Stuart (SJS) p=0.00 | D. Scoville (CBJ) p=0.00 | A. Sutton (ATL) p=0.00 | D. Boyle (TBL) p=0.00 | R. Suchy (PHX) p=0.00 | R. Schnabel (NSH) p=0.00 | D. Walser (CBJ) p=0.00
3,61.890650459373916,2.7297882207428312,0.06916483932229497,0.3258913497206182,0.3950561890429131,5.305389581642856,3.954816915333601,0.679615722310323,2.1138038881822268,5.556799785198199,0.0,0.0,0.0,0.0,E. Cairns (NYI) p=1.00 | D. Purinton (NYR) p=1.00 | J. Erskine (DAL) p=1.00 | B. Norton (WSH/LAK) p=1.00 | M. Walker (STL) p=1.00 | R. Schnabel (NSH) p=1.00 | T. Simpson (ANA/OTT) p=1.00 | T. Kloucek (ATL/NSH) p=1.00 | S. Hnidy (OTT/NSH) p=1.00 | M. Spiller (PHX) p=1.00 | M. Commodore (CGY) p=1.00 | S. Montador (CGY) p=1.00
