cluster,soft_size,reg_shots_per60,reg_goals_per60,reg_assists_per60,reg_points_per60,reg_hits_per60,reg_blocked_shots_per60,reg_takeaways_per60,reg_giveaways_per60,reg_pim_per60,reg_pp_share,reg_pk_share,reg_fo_pct,reg_fo_taken_per_game,prototype_players
0,189.12847816340405,7.424380202674196,0.7463574977118683,0.9587796756065556,1.705137173318424,4.028910525300219,1.7362346130359245,1.739164073161956,1.1772223932366561,1.4318390619871857,0.0,0.0,0.0,0.0,8466149 (DET) p=0.98 | 8462038 (PHX) p=0.98 | 8473534 (STL) p=0.98 | 8467463 (FLA/VAN) p=0.98 | 8468482 (MIN) p=0.98 | C. Atkinson (CBJ) p=0.98 | M. Duchene (COL) p=0.98 | 8470257 (STL) p=0.97 | J. van Riemsdyk (PHI) p=0.97 | 8471498 (VAN) p=0.97 | 8471682 (MIN) p=0.97 | G. Landeskog (COL) p=0.97
1,156.50107506725965,6.232840803873091,0.519148482359266,0.733615939835678,1.252764422194944,7.951149453648593,2.2592723620741015,1.4434922210325833,0.9908487231399145,3.384506382500568,0.0,0.0,0.0,0.0,8476381 (CHI) p=1.00 | M. Foligno (BUF) p=1.00 | 8473493 (WPG/ANA) p=1.00 | 8468224 (NYR) p=1.00 | 8470920 (NJD) p=1.00 | N. Foligno (OTT) p=1.00 | 8471386 (LAK) p=1.00 | 8474190 (PHI) p=1.00 | 8471231 (PHX) p=1.00 | 8470700 (VAN) p=1.00 | 8475757 (MIN) p=1.00 | 8471840 (CAR) p=1.00
2,58.72230749911914,5.9461119193985486,0.2725975376664755,0.40750795400776807,0.6801054916742436,13.503238988532237,2.1881037594781505,1.0504397983791534,1.0305997945096481,13.704030609033726,0.0,0.0,0.0,0.0,8475650 (CHI) p=1.00 | 8469820 (OTT) p=1.00 | 8462535 (PHI) p=1.00 | 8474736 (PHI) p=1.00 | 8471719 (MIN) p=1.00 | 8471261 (CBJ) p=1.00 | 8473542 (PHI) p=1.00 | 8474230 (NYI) p=1.00 | 8467977 (NSH) p=1.00 | 8470708 (CGY) p=1.00 | 8460720 (NJD) p=1.00 | 8468660 (EDM) p=1.00
3,117.64813927021714,7.5360317501208485,0.8445143742048449,1.3634793913720198,2.207993765576864,2.7712569689445283,1.2335812306793377,2.0038292405192704,1.8716598720881932,1.6723553562656157,0.0,0.0,0.0,0.0,S. Crosby (PIT) p=1.00 | 8469454 (NJD) p=1.00 | 8466138 (SJS) p=1.00 | 8469455 (OTT) p=1.00 | E. Malkin (PIT) p=1.00 | 8473546 (NYI) p=1.00 | 8473548 (TOR) p=1.00 | 8467514 (DET) p=1.00 | T. Hall (EDM) p=1.00 | 8474566 (OTT) p=1.00 | J. Tavares (NYI) p=1.00 | 8475204 (CHI) p=1.00
