cluster,soft_size,reg_shots_per60,reg_goals_per60,reg_assists_per60,reg_points_per60,reg_hits_per60,reg_blocked_shots_per60,reg_takeaways_per60,reg_giveaways_per60,reg_pim_per60,reg_pp_share,reg_pk_share,reg_fo_pct,reg_fo_taken_per_game,prototype_players
0,96.55544206093455,4.708387310759899,0.27569763156052174,0.8087890391219985,1.0844866706825202,0.9208563769521124,0.949318338996259,0.3228221171471014,0.7133169883452476,1.7665799056640257,0.0,0.0,0.0,0.0,A. Macinnis (STL) p=1.00 | B. Berard (BOS) p=1.00 | P. Housley (CHI/TOR) p=1.00 | J. Modry (LAK) p=1.00 | D. Morris (COL) p=1.00 | D. Quint (PHX) p=1.00 | S. Gonchar (WSH) p=1.00 | E. Desjardins (PHI) p=1.00 | T. Poti (NYR) p=1.00 | O. Tverdovsky (NJD) p=1.00 | D. Tarnstrom (PIT) p=1.00 | B. Leetch (NYR) p=1.00
1,62.9552070802612,2.6567908470074078,0.07206460047805126,0.3582517768285481,0.4303163773065994,1.182751253660706,1.0202542391544482,0.19946498093926493,0.5580812965803551,1.974928811728452,0.0,0.0,0.0,0.0,K. Haakana (EDM) p=0.99 | S. Neckar (TBL) p=0.99 | S. Lefebvre (NYR) p=0.98 | S. Lachance (CBJ) p=0.98 | B. Orpik (PIT) p=0.98 | K. Dykhuis (MTL) p=0.98 | L. Richardson (CBJ) p=0.98 | M. Bergevin (PIT/TBL) p=0.98 | H. Jonsson (PIT) p=0.98 | N. Pratt (TBL) p=0.97 | B. Houlder (NSH) p=0.97 | R. Suchy (PHX) p=0.97
2,31.355120397926786,3.8386279937958565,0.2505036571602046,0.5012303983139272,0.7517340554741321,4.157633828207943,2.357904519866191,0.5120416579345611,1.6872929900199751,8.05553794497608,0.0,0.0,0.0,0.0,G. Exelby (ATL) p=1.00 | D. Berehowsky (PHX) p=1.00 | D. Smith (COL) p=1.00 | J. Boumedienne (WSH) p=1.00 | M. Bergeron (EDM) p=1.00 | A. Henry (WSH/EDM) p=1.00 | M. Commodore (CGY) p=1.00 | M. Komisarek (MTL) p=1.00 | B. Norton (LAK) p=1.00 | J. Erskine (DAL) p=1.00 | F. Bouillon (MTL/NSH) p=1.00 | R. Davison (SJS) p=1.00
3,72.13423046087746,3.393792649280839,0.11047893815612873,0.43844286376294783,0.5489218019190765,2.434542842544492,1.165207214949932,0.21668503950280077,0.6866296656108897,4.523920635301754,0.0,0.0,0.0,0.0,B. Marchment (SJS/COL) p=1.00 | R. Boughner (CGY) p=1.00 | B. Ference (FLA/PHX) p=1.00 | D. Gauthier (CGY) p=1.00 | B. McCabe (TOR) p=1.00 | J. Grand-Pierre (CBJ) p=1.00 | B. Salvador (STL) p=1.00 | V. Vishnevski (ANA) p=1.00 | R. Jackman (TOR) p=1.00 | S. Ferguson (EDM) p=1.00 | B. Muir (COL) p=1.00 | T. Simpson (PHX) p=1.00
