cluster,soft_size,reg_shots_per60,reg_goals_per60,reg_assists_per60,reg_points_per60,reg_hits_per60,reg_blocked_shots_per60,reg_takeaways_per60,reg_giveaways_per60,reg_pim_per60,reg_pp_share,reg_pk_share,reg_fo_pct,reg_fo_taken_per_game,prototype_players
0,77.71853329277079,4.7232151584775846,0.2516972424982592,0.8639723909130239,1.1156696334112834,2.6606872561072934,3.98020905325297,1.030243105013456,1.7582631889832,1.0135548099838225,0.0,0.0,0.0,0.0,8470281 (CHI) p=0.99 | R. Suter (MIN) p=0.99 | A. Pietrangelo (STL) p=0.99 | M. Rielly (TOR) p=0.99 | B. Hutton (VAN) p=0.99 | B. Pesce (CAR) p=0.98 | J. Carlson (WSH) p=0.98 | 8475222 (ANA) p=0.98 | N. Leddy (NYI) p=0.98 | R. Josi (NSH) p=0.98 | 8467496 (MTL) p=0.98 | S. Theodore (ANA) p=0.98
1,58.4452989611805,3.50316371404874,0.10090305732235072,0.35843141282891483,0.45933447015126555,8.271950585110561,4.763408761836279,0.4887257018615758,1.8459906957958563,3.6025034813281174,0.0,0.0,0.0,0.0,8476388 (VAN) p=1.00 | 8474697 (OTT) p=1.00 | J. Oleksiak (DAL) p=1.00 | D. McIlrath (NYR) p=1.00 | 8475797 (ARI/MTL) p=1.00 | 8470886 (ANA) p=1.00 | R. Gudas (PHI) p=1.00 | 8473426 (BUF/WSH) p=1.00 | S. Mayfield (NYI) p=1.00 | R. Bortuzzo (STL) p=1.00 | 8474774 (CBJ) p=1.00 | L. Schenn (LAK/PHI) p=1.00
2,90.07177599070283,3.145027851011999,0.12711311232085282,0.48323512686939607,0.6103482391902489,4.4540547367486925,5.11051215318634,0.652352399871714,1.6123348481558732,1.4365867040394047,0.0,0.0,0.0,0.0,8471729 (CGY/DAL) p=1.00 | 8473991 (WSH) p=1.00 | 8473584 (PHI) p=1.00 | C. Tanev (VAN) p=0.99 | 8474638 (TOR) p=0.99 | 8474125 (STL) p=0.99 | 8471958 (NYR) p=0.99 | 8467400 (COL) p=0.99 | 8469665 (DAL) p=0.98 | C. de Haan (NYI) p=0.98 | 8476289 (DET) p=0.98 | 8469619 (BOS) p=0.98
3,46.76439175534587,5.583328372466038,0.23487070165328197,0.8108097862855118,1.0456804879387938,3.7828182203547818,3.4322815368562747,0.9298826652245055,2.0692247753067847,2.0108658523363347,0.0,0.0,0.0,0.0,8479268 (BUF) p=1.00 | 8475182 (CHI) p=1.00 | 8470834 (WPG) p=1.00 | O. Ekman-Larsson (ARI) p=1.00 | 8474056 (MTL) p=1.00 | 8476779 (EDM) p=1.00 | 8474113 (TOR) p=1.00 | J. Hanley (MTL) p=1.00 | B. Burns (SJS) p=1.00 | 8476792 (BOS) p=0.99 | B. Kulak (CGY) p=0.99 | C. Miller (BOS) p=0.99
