cluster,soft_size,reg_shots_per60,reg_goals_per60,reg_assists_per60,reg_points_per60,reg_hits_per60,reg_blocked_shots_per60,reg_takeaways_per60,reg_giveaways_per60,reg_pim_per60,reg_pp_share,reg_pk_share,reg_fo_pct,reg_fo_taken_per_game,prototype_players
0,185.58948882859153,7.151600072061073,0.7450512265668134,1.2069623061323151,1.9520135326991286,2.8696073633647514,1.7143084525108296,1.9892698177102575,1.4722864648230214,1.5804991032324252,0.0,0.0,0.0,0.0,8455919 (CGY) p=1.00 | 8470144 (NYI) p=1.00 | 8469629 (SJS) p=1.00 | 8473449 (NYI) p=1.00 | 8473563 (WSH) p=1.00 | 8459426 (STL) p=1.00 | 8469779 (WSH) p=1.00 | 8471669 (COL) p=1.00 | 8471276 (BOS) p=1.00 | 8466392 (ATL) p=1.00 | 8469457 (FLA) p=1.00 | 8467514 (DET) p=1.00
1,97.11828691975941,6.381309347175493,0.5455654214485371,0.7191740871653398,1.264739508613877,7.281785896075151,2.6179722145710262,1.5201223205486218,0.9231761095897126,4.146984463291793,0.0,0.0,0.0,0.0,8469528 (PHX) p=1.00 | 8473722 (MIN) p=1.00 | 8470775 (NYI) p=1.00 | 8460527 (VAN) p=1.00 | 8459094 (COL) p=1.00 | 8470289 (ATL) p=1.00 | 8473942 (NYI) p=1.00 | 8470063 (CHI) p=1.00 | 8471700 (CGY) p=1.00 | 8470156 (ATL) p=1.00 | 8470169 (FLA) p=1.00 | 8469490 (NYI) p=1.00
2,68.19185563602885,5.910905704694476,0.4236018411122725,0.5610012469079513,0.9846030880202238,12.278730057228227,1.4932529655690359,1.1150894158072524,1.2836692794230349,15.594361439719659,0.0,0.0,0.0,0.0,8470123 (STL) p=1.00 | 8470301 (TOR) p=1.00 | 8469844 (PHI) p=1.00 | 8467355 (BUF) p=1.00 | 8474383 (NYI) p=1.00 | 8470687 (EDM) p=1.00 | 8470896 (EDM) p=1.00 | 8468786 (PHI) p=1.00 | 8468252 (PIT) p=1.00 | 8468626 (TBL/STL) p=1.00 | 8471283 (CGY/PHX) p=1.00 | 8468778 (NYR) p=1.00
3,153.1003686156202,8.427514585531782,0.957256181490137,1.155077078693664,2.1123332601838007,4.417314739767115,1.1551752688469044,1.524619271615452,1.7127016126869619,2.2570542185298885,0.0,0.0,0.0,0.0,8474566 (CBJ) p=1.00 | A. Ovechkin (WSH) p=1.00 | 8471676 (ANA) p=1.00 | 8468483 (MIN) p=1.00 | 8466148 (DET) p=1.00 | 8470809 (TOR) p=1.00 | 8470612 (ANA) p=1.00 | 8471362 (TOR) p=1.00 | 8471804 (BUF) p=1.00 | 8469622 (SJS) p=1.00 | 8471682 (SJS) p=1.00 | 8470120 (WSH) p=1.00
