cluster,soft_size,reg_shots_per60,reg_goals_per60,reg_assists_per60,reg_points_per60,reg_hits_per60,reg_blocked_shots_per60,reg_takeaways_per60,reg_giveaways_per60,reg_pim_per60,reg_pp_share,reg_pk_share,reg_fo_pct,reg_fo_taken_per_game,prototype_players
0,98.02517540267121,2.4985847293371624,0.07378004133759032,0.4387210198111235,0.5125010611487137,4.438072526347458,5.192572020566326,0.9456202429507052,1.9007762700337043,2.69667236293865,0.0,0.0,0.0,0.0,8458954 (EDM) p=1.00 | 8468501 (OTT) p=1.00 | 8465005 (NJD) p=1.00 | 8468534 (DET) p=1.00 | 8470121 (EDM) p=1.00 | 8458519 (NYR/BOS) p=1.00 | 8465042 (BUF) p=1.00 | 8467580 (PIT) p=0.99 | 8459433 (NYI) p=0.99 | 8467378 (BOS) p=0.99 | 8462045 (STL) p=0.99 | 8468090 (ATL) p=0.99
1,33.94376627083767,4.4923348331874715,0.3111730012054771,0.5174390597886616,0.8286120609941386,5.274771832727962,3.683629308029398,0.7659717376134473,1.8250092847018784,4.713860773530576,0.0,0.0,0.0,0.0,8470804 (EDM) p=1.00 | K. Letang (PIT) p=1.00 | 8466381 (CBJ) p=1.00 | 8470624 (CHI) p=1.00 | J. Johnson (LAK) p=1.00 | 8468927 (FLA) p=1.00 | 8469689 (STL) p=1.00 | 8467422 (SJS) p=1.00 | 8470724 (DET) p=1.00 | 8462177 (VAN) p=1.00 | 8469575 (OTT) p=1.00 | 8463638 (WSH) p=1.00
2,59.72738258474842,4.692530639319932,0.268616763072304,0.8005027475184725,1.069119510590776,3.7723775641316055,3.662012786573336,0.84671246576749,1.8470383788142617,2.6780718168073308,0.0,0.0,0.0,0.0,8459462 (TOR) p=1.00 | 8465009 (BOS) p=1.00 | 8471236 (OTT) p=1.00 | 8460503 (VAN) p=0.99 | 8468184 (WSH/OTT) p=0.99 | 8470151 (FLA) p=0.99 | 8467917 (COL) p=0.99 | 8467889 (CAR) p=0.99 | 8471187 (DET) p=0.99 | 8467896 (ATL) p=0.99 | 8468520 (MIN) p=0.98 | 8469623 (NSH) p=0.98
3,71.3036757417427,3.961119178893847,0.2404370599655297,0.9849686237909622,1.225405683756492,2.0793200780005066,4.213940390080144,1.2026212713488391,2.197147465733508,1.7516877713361054,0.0,0.0,0.0,0.0,8467496 (MTL) p=1.00 | 8467856 (NJD) p=1.00 | 8468598 (LAK) p=1.00 | 8458494 (DAL) p=1.00 | 8469765 (EDM/NYI) p=1.00 | 8465200 (TOR) p=1.00 | 8468639 (COL) p=1.00 | 8470905 (PHI) p=1.00 | 8465012 (NYI) p=1.00 | 8466285 (BUF) p=1.00 | 8465122 (COL) p=1.00 | 8470085 (TBL) p=1.00
