cluster,soft_size,reg_shots_per60,reg_goals_per60,reg_assists_per60,reg_points_per60,reg_hits_per60,reg_blocked_shots_per60,reg_takeaways_per60,reg_giveaways_per60,reg_pim_per60,reg_pp_share,reg_pk_share,reg_fo_pct,reg_fo_taken_per_game,prototype_players
0,213.52283328424372,8.157886344932374,1.0444917297720087,1.3908061038348005,2.435297833606809,2.9553327088800705,1.7562365913843032,1.796925239331923,1.639997654440754,1.3230977425884782,0.0,0.0,0.0,0.0,C. McDavid (EDM) p=1.00 | N. Kucherov (TBL) p=1.00 | J. Hughes (NJD) p=1.00 | M. Barzal (NYI) p=1.00 | N. MacKinnon (COL) p=1.00 | A. Panarin (NYR) p=1.00 | D. Pastrnak (BOS) p=1.00 | L. Draisaitl (EDM) p=1.00 | A. Matthews (TOR) p=1.00 | M. Marner (TOR) p=1.00 | F. Forsberg (NSH) p=1.00 | W. Nylander (TOR) p=1.00
1,21.885364450767845,5.601593464155958,0.42197149145382384,0.5310742745754939,0.9530457660293179,19.19488305947259,2.7568419197544602,1.01892589584438,1.1416122053227478,11.704318739685785,0.0,0.0,0.0,0.0,J. Gadjovich (FLA) p=1.00 | A. Watson (TBL) p=1.00 | Z. MacEwen (OTT) p=1.00 | K. MacDermid (COL/NJD) p=1.00 | M. Rempe (NYR) p=1.00 | 8477962 (CAR) p=1.00 | L. O'Brien (ARI) p=1.00 | R. Johnston (ANA) p=1.00 | N. Deslauriers (PHI) p=1.00 | 8479972 (MIN) p=1.00 | M. Pezzetta (MTL) p=1.00 | R. Reaves (TOR) p=1.00
2,161.74738643378822,5.736093035813858,0.5400082163812485,0.7703254406672285,1.310333657048477,4.764039618780066,2.8134007149471154,1.7088299140656906,1.0132359618487436,1.3515877846018753,0.0,0.0,0.0,0.0,8474009 (NYR) p=1.00 | N. Acciari (PIT) p=1.00 | Z. Ostapchuk (OTT) p=1.00 | C. Graf (SJS) p=1.00 | M. Pyyhtia (CBJ) p=1.00 | R. Poehling (PHI) p=1.00 | 8480468 (EDM) p=1.00 | J. Rondbjerg (VGK) p=1.00 | A. Turcotte (LAK) p=1.00 | 8471698 (WSH) p=1.00 | 8477930 (SEA) p=1.00 | 8474053 (SJS) p=1.00
3,128.84441583120022,6.671610273535279,0.6353933175633047,0.7618450994473287,1.3972384170106336,9.957971847872903,2.18328711474818,1.3620064889608132,1.281153334006899,2.8688435818126283,0.0,0.0,0.0,0.0,M. Domi (TOR) p=1.00 | C. Koepke (TBL) p=1.00 | B. Tkachuk (OTT) p=1.00 | B. McMann (TOR) p=1.00 | J. Zucker (ARI/NSH) p=1.00 | A. Edstrom (NYR) p=1.00 | S. Bennett (FLA) p=1.00 | D. Joshua (VAN) p=1.00 | E. Kane (EDM) p=1.00 | M. McTavish (ANA) p=1.00 | C. Grundstrom (LAK) p=1.00 | M. Eyssimont (TBL) p=1.00
