cluster,soft_size,reg_shots_per60,reg_goals_per60,reg_assists_per60,reg_points_per60,reg_hits_per60,reg_blocked_shots_per60,reg_takeaways_per60,reg_giveaways_per60,reg_pim_per60,reg_pp_share,reg_pk_share,reg_fo_pct,reg_fo_taken_per_game,prototype_players
0,106.24860524598401,5.174199164598637,0.2949302033819775,0.8649757430228812,1.1599059464048587,3.4155886056361893,3.7409725587190272,1.0067826822565349,1.8210487011986007,1.3159166238610873,0.0,0.0,0.0,0.0,B. Burns (SJS) p=1.00 | T. Krug (BOS) p=1.00 | T. Barrie (COL) p=1.00 | D. Byfuglien (WPG) p=1.00 | K. Letang (PIT) p=1.00 | E. Karlsson (OTT) p=1.00 | M. Giordano (CGY) p=1.00 | Y. Weber (VAN) p=1.00 | R. McDonagh (NYR) p=1.00 | V. Hedman (TBL) p=1.00 | A. Sekera (CAR) p=1.00 | S. Weber (NSH) p=1.00
1,25.80498332261005,3.5717089399181132,0.05918465160979522,0.565785638391051,0.6249702900008461,3.65566920632042,4.169036048537482,0.9131749674425239,2.2824161177232436,2.0336597479833944,0.0,0.0,0.0,0.0,M. Taormina (TBL) p=1.00 | C. Gaunce (DAL) p=1.00 | C. Potter (EDM/BOS) p=1.00 | C. Breen (CGY) p=1.00 | K. Ellerby (WPG) p=0.99 | P. Wey (WSH) p=0.98 | S. Mayfield (NYI) p=0.98 | P. Samuelsson (PIT) p=0.97 | M. Mottau (FLA) p=0.96 | C. Billins (CGY) p=0.92 | N. Beaulieu (MTL) p=0.88 | K. Bieksa (VAN) p=0.87
2,96.06503843495007,3.402214211558159,0.13483243969758799,0.5143164023232949,0.6491488420208827,4.29817250772489,4.879808885004219,0.7358456727258892,1.4051593261588975,1.6560833369523573,0.0,0.0,0.0,0.0,K. Klein (NSH/NYR) p=0.99 | C. Sarich (COL) p=0.99 | D. Girardi (NYR) p=0.99 | A. MacDonald (NYI/PHI) p=0.99 | F. Beauchemin (ANA) p=0.99 | I. Cole (STL) p=0.98 | E. Brewer (TBL) p=0.98 | D. Prout (CBJ) p=0.98 | J. Hejda (COL) p=0.98 | M. Weaver (FLA/MTL) p=0.98 | C. Carrick (WSH) p=0.98 | R. Diaz (MTL/NYR/VAN) p=0.98
3,47.88137299645586,3.02204634066283,0.118430052814652,0.41863525178621525,0.5370653046008672,8.387562521466224,5.56966968773139,0.4353930636205572,1.5887828483061524,4.581419907370015,0.0,0.0,0.0,0.0,M. Borowiecki (OTT) p=1.00 | M. Carkner (NYI) p=1.00 | M. Fraser (EDM/TOR) p=1.00 | J. Cote (TBL) p=1.00 | A. Petrovic (FLA) p=1.00 | A. McQuaid (BOS) p=1.00 | R. Gudas (TBL) p=1.00 | J. Tinordi (MTL) p=1.00 | M. Greene (LAK) p=1.00 | J. Falk (NYR) p=1.00 | D. Murray (MTL) p=1.00 | J. Erskine (WSH) p=1.00
