cluster,soft_size,reg_shots_per60,reg_goals_per60,reg_assists_per60,reg_points_per60,reg_hits_per60,reg_blocked_shots_per60,reg_takeaways_per60,reg_giveaways_per60,reg_pim_per60,reg_pp_share,reg_pk_share,reg_fo_pct,reg_fo_taken_per_game,prototype_players
0,112.02365420322494,4.239406438984091,0.23081295913667885,0.8782042445019066,1.1090172036385855,3.0470232474553964,3.8391398276645314,0.9811327451837404,1.7140107454564897,1.5312814501934504,0.0,0.0,0.0,0.0,8470988 (CAR) p=1.00 | 8474218 (SJS) p=1.00 | 8462225 (OTT) p=1.00 | 8458951 (PIT) p=1.00 | 8465200 (TOR) p=1.00 | 8470281 (CHI) p=1.00 | 8471303 (VAN) p=1.00 | 8471274 (PIT) p=1.00 | T. Myers (BUF) p=0.99 | 8470828 (ATL) p=0.99 | 8469623 (MIN) p=0.99 | 8466285 (CHI) p=0.99
1,81.04799882270973,2.8747050764843065,0.10473169961658427,0.511539584852837,0.6162712844694213,4.872263053442075,4.925480768466874,0.7092241320962906,1.502153599696938,2.337254213077516,0.0,0.0,0.0,0.0,8468114 (SJS) p=0.99 | 8470699 (CBJ) p=0.99 | 8468636 (MIN) p=0.99 | 8470760 (CBJ) p=0.98 | 8471321 (CAR) p=0.98 | 8465005 (NJD) p=0.98 | 8471392 (STL) p=0.98 | 8456283 (COL) p=0.98 | 8467915 (CBJ) p=0.98 | 8468501 (OTT) p=0.97 | 8469684 (WSH/CBJ) p=0.97 | 8471222 (EDM) p=0.97
2,28.826693635052592,2.931185101516429,0.06038725616240587,0.3558477962195095,0.4162350523819153,6.826614554951995,5.247911449391818,0.6890867641289957,2.168386653397636,5.347874516074168,0.0,0.0,0.0,0.0,8473580 (NJD) p=1.00 | 8467583 (EDM) p=1.00 | 8473525 (EDM) p=1.00 | 8470886 (MIN) p=1.00 | 8470170 (PHI) p=1.00 | 8468090 (TOR) p=1.00 | 8467931 (OTT) p=1.00 | 8468674 (PIT) p=1.00 | 8471223 (ATL) p=1.00 | 8446053 (ATL) p=0.99 | 8469992 (ANA) p=0.99 | 8469460 (TOR) p=0.98
3,40.101653339012756,4.270131482178532,0.30686213527840595,0.6162558338482148,0.9231179691266207,4.711687483702432,4.478726959045448,1.24176754291439,1.5762878468171548,2.286760324778571,0.0,0.0,0.0,0.0,8470834 (CHI) p=1.00 | 8474134 (MTL) p=1.00 | 8473924 (NJD) p=1.00 | 8460561 (EDM) p=1.00 | 8468101 (NYI) p=1.00 | 8460580 (VAN) p=1.00 | 8470578 (NYI) p=1.00 | 8470058 (CGY) p=1.00 | 8469488 (ATL) p=1.00 | 8473584 (NYI) p=1.00 | 8471482 (CBJ) p=1.00 | 8470798 (NYI) p=1.00
