cluster,soft_size,reg_shots_per60,reg_goals_per60,reg_assists_per60,reg_points_per60,reg_hits_per60,reg_blocked_shots_per60,reg_takeaways_per60,reg_giveaways_per60,reg_pim_per60,reg_pp_share,reg_pk_share,reg_fo_pct,reg_fo_taken_per_game,prototype_players
0,18.454245874476662,2.605075635727672,0.09984407570991483,0.4777905009083306,0.5776345766182455,8.14567560624857,4.245982911089648,0.541223650671804,1.7996187124394911,11.244803733046266,0.0,0.0,0.0,0.0,W. Brookbank (VAN) p=1.00 | B. Norton (OTT) p=1.00 | E. Cairns (FLA/PIT) p=1.00 | N. Yonkman (WSH) p=1.00 | J. Allison (NSH/FLA) p=1.00 | R. Boughner (COL) p=1.00 | J. Erskine (NYI/DAL) p=1.00 | D. Murray (SJS) p=1.00 | N. Welch (PIT) p=1.00 | T. Simpson (CHI/MTL) p=1.00 | M. Spiller (PHX) p=1.00 | S. Ferguson (MIN) p=1.00
1,100.64713795293294,4.739240873067564,0.2894304708501732,0.9977803012644461,1.2872107721146193,2.2432679530191426,3.6839912548366844,1.0986519136420319,1.9258086948254023,2.3825067545379164,0.0,0.0,0.0,0.0,N. Baumgartner (VAN) p=1.00 | F. Kaberle (CAR) p=1.00 | T. Kaberle (TOR) p=1.00 | J. Modry (ATL) p=1.00 | L. Visnovsky (LAK) p=1.00 | W. Redden (OTT) p=1.00 | S. Niedermayer (ANA) p=1.00 | J. Bouwmeester (FLA) p=1.00 | B. Leetch (BOS) p=1.00 | B. Pothier (OTT) p=1.00 | K. Timonen (NSH) p=1.00 | F. Beauchemin (ANA/CBJ) p=1.00
2,119.44570164645621,2.879670842515014,0.11605789744099751,0.4910706392341543,0.6071285366751517,4.07492913993188,4.832266490378294,1.0032873587445483,1.8445923726353695,3.6371853779099497,0.0,0.0,0.0,0.0,C. Therien (PHI) p=1.00 | A. Alberts (BOS) p=1.00 | S. Poapst (STL/PIT) p=1.00 | K. Klee (TOR/NJD) p=1.00 | B. Salvador (STL) p=1.00 | G. Wesley (CAR) p=0.99 | N. Pratt (TBL) p=0.99 | H. Gill (BOS) p=0.99 | J. Cullimore (CHI) p=0.99 | J. McKee (BUF) p=0.99 | R. Matvichuk (NJD) p=0.99 | W. Mitchell (MIN/DAL) p=0.99
3,29.45291452613418,4.390636631211562,0.300778374992863,0.6769819117464535,0.9777602867393164,3.7764163781846554,4.177000811228417,1.6941608866952031,2.6106827572533016,3.721285123893281,0.0,0.0,0.0,0.0,A. Rourke (NYI) p=1.00 | J. Cote (MTL) p=1.00 | A. Roach (STL) p=1.00 | I. Ulanov (EDM) p=1.00 | M. Carle (SJS) p=1.00 | A. Karpovtsev (FLA) p=1.00 | J. Slegr (BOS) p=1.00 | S. Souray (MTL) p=1.00 | F. Novak (OTT) p=1.00 | A. Markov (MTL) p=1.00 | C. Schubert (OTT) p=0.98 | D. Phaneuf (CGY) p=0.98
