cluster,soft_size,reg_shots_per60,reg_goals_per60,reg_assists_per60,reg_points_per60,reg_hits_per60,reg_blocked_shots_per60,reg_takeaways_per60,reg_giveaways_per60,reg_pim_per60,reg_pp_share,reg_pk_share,reg_fo_pct,reg_fo_taken_per_game,prototype_players
0,18.454245874476662,2.605075635727672,0.09984407570991483,0.4777905009083306,0.5776345766182455,8.14567560624857,4.245982911089648,0.541223650671804,1.7996187124394911,11.244803733046266,0.0,0.0,0.0,0.0,8469044 (VAN) p=1.00 | 8459636 (OTT) p=1.00 | 8459008 (FLA/PIT) p=1.00 | 8467910 (WSH) p=1.00 | 8459466 (NSH/FLA) p=1.00 | 8455666 (COL) p=1.00 | 8467365 (NYI/DAL) p=1.00 | 8468114 (SJS) p=1.00 | 8469505 (PIT) p=1.00 | 8460782 (CHI/MTL) p=1.00 | 8469484 (PHX) p=1.00 | 8460051 (MIN) p=1.00
1,100.64713795293294,4.739240873067564,0.2894304708501732,0.9977803012644461,1.2872107721146193,2.2432679530191426,3.6839912548366844,1.0986519136420319,1.9258086948254023,2.3825067545379164,0.0,0.0,0.0,0.0,8460500 (VAN) p=1.00 | 8467949 (CAR) p=1.00 | 8465200 (TOR) p=1.00 | 8457403 (ATL) p=1.00 | 8468598 (LAK) p=1.00 | 8462033 (OTT) p=1.00 | 8458517 (ANA) p=1.00 | 8470151 (FLA) p=1.00 | 8448769 (BOS) p=1.00 | 8468427 (OTT) p=1.00 | 8459670 (NSH) p=1.00 | 8467400 (ANA/CBJ) p=1.00
2,119.44570164645621,2.879670842515014,0.11605789744099751,0.4910706392341543,0.6071285366751517,4.07492913993188,4.832266490378294,1.0032873587445483,1.8445923726353695,3.6371853779099497,0.0,0.0,0.0,0.0,8458202 (PHI) p=1.00 | 8469626 (BOS) p=1.00 | 8458838 (STL/PIT) p=1.00 | 8456850 (TOR/NJD) p=1.00 | 8460626 (STL) p=1.00 | 8452371 (CAR) p=0.99 | 8459538 (TBL) p=0.99 | 8459628 (BOS) p=0.99 | 8458543 (CHI) p=0.99 | 8462045 (BUF) p=0.99 | 8458522 (NJD) p=0.99 | 8465185 (MIN/DAL) p=0.99
3,29.45291452613418,4.390636631211562,0.300778374992863,0.6769819117464535,0.9777602867393164,3.7764163781846554,4.177000811228417,1.6941608866952031,2.6106827572533016,3.721285123893281,0.0,0.0,0.0,0.0,8467469 (NYI) p=1.00 | 8468745 (MTL) p=1.00 | 8466995 (STL) p=1.00 | 8458715 (EDM) p=1.00 | 8470640 (SJS) p=1.00 | 8456793 (FLA) p=1.00 | 8458052 (BOS) p=1.00 | 8460561 (MTL) p=1.00 | 8468544 (OTT) p=1.00 | 8467496 (MTL) p=1.00 | 8469575 (OTT) p=0.98 | 8470602 (CGY) p=0.98
