cluster,soft_size,reg_shots_per60,reg_goals_per60,reg_assists_per60,reg_points_per60,reg_hits_per60,reg_blocked_shots_per60,reg_takeaways_per60,reg_giveaways_per60,reg_pim_per60,reg_pp_share,reg_pk_share,reg_fo_pct,reg_fo_taken_per_game,prototype_players
0,189.12847816340405,7.424380202674196,0.7463574977118683,0.9587796756065556,1.705137173318424,4.028910525300219,1.7362346130359245,1.739164073161956,1.1772223932366561,1.4318390619871857,0.0,0.0,0.0,0.0,D. Cleary (DET) p=0.98 | S. Doan (PHX) p=0.98 | P. Berglund (STL) p=0.98 | M. Samuelsson (FLA/VAN) p=0.98 | D. Heatley (MIN) p=0.98 | C. Atkinson (CBJ) p=0.98 | M. Duchene (COL) p=0.98 | A. Steen (STL) p=0.97 | J. van Riemsdyk (PHI) p=0.97 | J. Hansen (VAN) p=0.97 | D. Setoguchi (MIN) p=0.97 | G. Landeskog (COL) p=0.97
1,156.50107506725965,6.232840803873091,0.519148482359266,0.733615939835678,1.252764422194944,7.951149453648593,2.2592723620741015,1.4434922210325833,0.9908487231399145,3.384506382500568,0.0,0.0,0.0,0.0,A. Shaw (CHI) p=1.00 | M. Foligno (BUF) p=1.00 | B. Maxwell (WPG/ANA) p=1.00 | S. Avery (NYR) p=1.00 | D. Clarkson (NJD) p=1.00 | N. Foligno (OTT) p=1.00 | S. Parse (LAK) p=1.00 | W. Simmonds (PHI) p=1.00 | K. Chipchura (PHX) p=1.00 | B. Bitz (VAN) p=1.00 | B. Bulmer (MIN) p=1.00 | B. Sutter (CAR) p=1.00
2,58.72230749911914,5.9461119193985486,0.2725975376664755,0.40750795400776807,0.6801054916742436,13.503238988532237,2.1881037594781505,1.0504397983791534,1.0305997945096481,13.704030609033726,0.0,0.0,0.0,0.0,B. Bollig (CHI) p=1.00 | Z. Konopka (OTT) p=1.00 | J. Shelley (PHI) p=1.00 | Z. Rinaldo (PHI) p=1.00 | M. Kassian (MIN) p=1.00 | D. Byers (CBJ) p=1.00 | T. Sestito (PHI) p=1.00 | M. Haley (NYI) p=1.00 | B. McGrattan (NSH) p=1.00 | G. Desbiens (CGY) p=1.00 | E. Boulton (NJD) p=1.00 | D. Hordichuk (EDM) p=1.00
3,117.64813927021714,7.5360317501208485,0.8445143742048449,1.3634793913720198,2.207993765576864,2.7712569689445283,1.2335812306793377,2.0038292405192704,1.8716598720881932,1.6723553562656157,0.0,0.0,0.0,0.0,S. Crosby (PIT) p=1.00 | I. Kovalchuk (NJD) p=1.00 | J. Thornton (SJS) p=1.00 | J. Spezza (OTT) p=1.00 | E. Malkin (PIT) p=1.00 | M. Grabner (NYI) p=1.00 | P. Kessel (TOR) p=1.00 | P. Datsyuk (DET) p=1.00 | T. Hall (EDM) p=1.00 | N. Filatov (OTT) p=1.00 | J. Tavares (NYI) p=1.00 | B. Pirri (CHI) p=1.00
