cluster,soft_size,reg_shots_per60,reg_goals_per60,reg_assists_per60,reg_points_per60,reg_hits_per60,reg_blocked_shots_per60,reg_takeaways_per60,reg_giveaways_per60,reg_pim_per60,reg_pp_share,reg_pk_share,reg_fo_pct,reg_fo_taken_per_game,prototype_players
0,161.32057261831602,7.140666168946124,0.8437252205789109,1.1116957024651328,1.9554209230440438,3.116982006925323,1.5837650928247626,1.726633029957245,1.5684886260519257,1.0924543858592222,0.0,0.0,0.0,0.0,E. Lindholm (CGY) p=0.98 | T. Hertl (SJS) p=0.98 | J. Zucker (MIN/PIT) p=0.98 | 8475164 (ANA) p=0.97 | A. Killorn (TBL) p=0.97 | J. Bratt (NJD) p=0.97 | K. Kapanen (TOR) p=0.97 | 8471669 (VGK) p=0.97 | D. Ryan (CGY) p=0.97 | S. Reinhart (BUF) p=0.97 | 8473412 (WPG) p=0.97 | V. Nichushkin (COL) p=0.97
1,105.8860748575993,8.45723607036698,0.9997858057242182,1.4977299976307819,2.4975158033550002,2.852788397865885,1.4127972361426997,2.104174562227796,2.2198128587864634,1.4372074479509656,0.0,0.0,0.0,0.0,E. Malkin (PIT) p=1.00 | D. Pastrnak (BOS) p=1.00 | A. Panarin (NYR) p=1.00 | L. Draisaitl (EDM) p=1.00 | C. McDavid (EDM) p=1.00 | M. Marner (TOR) p=1.00 | M. Barzal (NYI) p=1.00 | B. Marchand (BOS) p=1.00 | J. Huberdeau (FLA) p=1.00 | 8476346 (CGY) p=1.00 | 8478512 (CGY) p=1.00 | N. MacKinnon (COL) p=1.00
2,26.115326269504752,5.832268463737921,0.585189447678596,0.4874288144729714,1.0726182621515674,15.463142761245933,3.5980858310313883,1.240644515162667,1.3864000215286452,6.415431943462855,0.0,0.0,0.0,0.0,R. Johnston (NYI) p=1.00 | 8474230 (NYR) p=1.00 | 8474736 (CGY) p=1.00 | J. Hayden (NJD) p=1.00 | 8473485 (PHI) p=1.00 | N. Deslauriers (ANA) p=1.00 | 8477962 (NYR) p=1.00 | S. Sabourin (OTT) p=1.00 | 8477210 (CGY) p=1.00 | Z. MacEwen (VAN) p=1.00 | 8475268 (WPG) p=1.00 | G. Hathaway (WSH) p=1.00
3,214.6780262545799,6.259727975574962,0.5397233743872292,0.7206969146272073,1.2604202890144363,7.518056899032506,2.2922571213792007,1.5084727776736513,1.5296906701735429,2.161645551417299,0.0,0.0,0.0,0.0,8474190 (NJD/BUF) p=1.00 | C. Grundstrom (LAK) p=1.00 | E. Kane (SJS) p=1.00 | 8476381 (CHI) p=1.00 | R. Hartman (MIN) p=1.00 | C. Perry (DAL) p=1.00 | 8475907 (VAN) p=1.00 | N. Foligno (CBJ) p=1.00 | M. Wood (NJD) p=1.00 | 8474250 (CHI) p=1.00 | C. Cizikas (NYI) p=1.00 | D. Batherson (OTT) p=1.00
