cluster,soft_size,reg_shots_per60,reg_goals_per60,reg_assists_per60,reg_points_per60,reg_hits_per60,reg_blocked_shots_per60,reg_takeaways_per60,reg_giveaways_per60,reg_pim_per60,reg_pp_share,reg_pk_share,reg_fo_pct,reg_fo_taken_per_game,prototype_players
0,60.60397169822197,4.048000011647711,0.12689982679620132,0.8278346731997627,0.9547344999959639,2.827104034105208,4.786869693840002,0.9847787085737645,1.8438319355342394,0.9051101705099547,0.0,0.0,0.0,0.0,J. Hicketts (DET) p=1.00 | R. McDonagh (NYR/TBL) p=1.00 | D. Warsofsky (COL) p=1.00 | C. de Haan (NYI) p=1.00 | P. Martin (SJS) p=0.99 | A. Sautner (VAN) p=0.98 | L. Sbisa (VGK) p=0.98 | D. Kukan (CBJ) p=0.97 | J. Spurgeon (MIN) p=0.96 | M. Mueller (NJD) p=0.96 | T. van Riemsdyk (CAR) p=0.96 | R. Suter (MIN) p=0.95
1,109.33031483632453,3.862823625706916,0.1544320282355236,0.46333057625626944,0.617762604491793,5.27052351522275,5.12084493281162,0.6949884491131147,1.8817952662411255,1.7495916528825104,0.0,0.0,0.0,0.0,B. McNabb (VGK) p=1.00 | E. Gudbranson (VAN) p=1.00 | A. Emelin (NSH) p=1.00 | J. Edmundson (STL) p=1.00 | A. Larsson (EDM) p=1.00 | F. Claesson (OTT) p=1.00 | R. Bortuzzo (STL) p=0.99 | J. Merrill (VGK) p=0.99 | C. Folin (LAK) p=0.99 | B. Davidson (EDM/NYI/MTL) p=0.99 | K. Holzer (ANA) p=0.99 | B. Orpik (WSH) p=0.99
2,86.79550902072663,6.018922413625556,0.32882362288492356,0.9912828254579312,1.3201064483428544,3.455573340807295,3.663270474526928,1.1123952557269974,2.2879872842331657,1.3341231087816856,0.0,0.0,0.0,0.0,P. LaDue (LAK) p=1.00 | C. Wideman (OTT) p=1.00 | T. Krug (BOS) p=1.00 | D. Hamilton (CGY) p=1.00 | M. Sergachev (TBL) p=1.00 | B. Burns (SJS) p=1.00 | V. Hedman (TBL) p=1.00 | P. Subban (NSH) p=1.00 | A. Ekblad (FLA) p=1.00 | Y. Auvitu (EDM) p=1.00 | R. Pulock (NYI) p=1.00 | Z. Werenski (CBJ) p=1.00
3,21.270204444726858,4.282322293482732,0.14246687913132125,0.6935425606442601,0.8360094397755814,8.014059368406182,4.501262039349624,0.8248371089145977,2.105992404973819,6.347348367917068,0.0,0.0,0.0,0.0,L. Witkowski (DET) p=1.00 | D. Heatherington (DAL) p=1.00 | R. McKeown (CAR) p=1.00 | A. Mironov (COL) p=1.00 | K. Quincey (MIN) p=1.00 | D. Siemens (COL) p=1.00 | B. Smith (NYR) p=1.00 | E. Gryba (EDM) p=1.00 | A. Petrovic (FLA) p=1.00 | M. Borowiecki (OTT) p=1.00 | A. McQuaid (BOS) p=1.00 | R. Gudas (PHI) p=0.99
