cluster,soft_size,reg_shots_per60,reg_goals_per60,reg_assists_per60,reg_points_per60,reg_hits_per60,reg_blocked_shots_per60,reg_takeaways_per60,reg_giveaways_per60,reg_pim_per60,reg_pp_share,reg_pk_share,reg_fo_pct,reg_fo_taken_per_game,prototype_players
0,69.78197797583105,3.753882276877184,0.17037293807467788,0.5821482326861803,0.7525211707608581,5.427809412711527,4.453462538459906,0.7831750663877743,3.605875856793141,3.2859553152110017,0.0,0.0,0.0,0.0,L. Stanley (WPG) p=1.00 | A. Xhekaj (MTL) p=1.00 | N. Zadorov (BOS) p=1.00 | B. Pachal (CGY) p=1.00 | J. Lauzon (VGK) p=1.00 | C. Legault (CAR) p=1.00 | K. Guhle (MTL) p=1.00 | T. Mitchell (NYI) p=1.00 | V. Desharnais (SJS) p=1.00 | D. McIlrath (WSH) p=1.00 | D. Sebrango (FLA/OTT) p=1.00 | D. Nurse (EDM) p=1.00
1,38.40780094727768,5.756951932952714,0.4391373682898016,1.3376663471174681,1.7768037154072696,1.4579603888553072,3.7462311508632116,1.147546064307298,3.4257841975194805,1.2219736926887153,0.0,0.0,0.0,0.0,Z. Werenski (CBJ) p=1.00 | C. Makar (COL) p=1.00 | E. Bouchard (EDM) p=1.00 | M. Schaefer (NYI) p=1.00 | A. Fox (NYR) p=1.00 | J. Chychrun (WSH) p=1.00 | S. Gostisbehere (CAR) p=1.00 | J. Carlson (WSH) p=1.00 | R. Josi (NSH) p=1.00 | E. Karlsson (PIT) p=1.00 | N. Hanifin (VGK) p=1.00 | Q. Hughes (VAN/MIN) p=1.00
2,92.97669448190044,3.1091656365338713,0.11323605632288054,0.5220864327660424,0.635322489088923,3.507926749474819,4.970700938244059,0.8673915593958238,2.8102139338267524,1.3774023574210292,0.0,0.0,0.0,0.0,J. Slavin (CAR) p=1.00 | M. Callahan (BOS) p=1.00 | B. Pesce (NJD) p=0.99 | C. Tanev (TOR) p=0.99 | K. Capobianco (DAL) p=0.98 | A. Carrier (MTL) p=0.98 | M. Anderson (LAK) p=0.98 | D. Fabbro (CBJ) p=0.98 | M. Ferraro (SJS) p=0.98 | S. Santini (TBL) p=0.98 | T. Emberson (EDM) p=0.98 | D. Helleson (ANA) p=0.98
3,57.83352659499087,3.5497822403970303,0.25664884017571127,0.8725529395966772,1.1292017797723888,1.81530415409054,3.8224995049555024,0.8037824017237468,3.2937063089168737,1.0180303643346442,0.0,0.0,0.0,0.0,B. Byram (BUF) p=0.99 | S. Girard (COL) p=0.99 | D. Mateychuk (CBJ) p=0.98 | M. Lohrei (BOS) p=0.98 | T. Willander (VAN) p=0.98 | T. Chabot (OTT) p=0.97 | C. York (PHI) p=0.97 | J. Klingberg (SJS) p=0.97 | A. Sandin-Pellikka (DET) p=0.97 | R. McDonagh (TBL) p=0.96 | V. Gavrikov (NYR) p=0.96 | Z. Buium (MIN/VAN) p=0.96
