cluster,soft_size,reg_shots_per60,reg_goals_per60,reg_assists_per60,reg_points_per60,reg_hits_per60,reg_blocked_shots_per60,reg_takeaways_per60,reg_giveaways_per60,reg_pim_per60,reg_pp_share,reg_pk_share,reg_fo_pct,reg_fo_taken_per_game,prototype_players
0,121.35306616971474,4.898087990574957,0.2895051260946385,0.8201436627485035,1.109648788843142,3.3280910914091777,3.9611628524825333,1.0614903814174517,1.8672349543243985,1.2605624642238515,0.0,0.0,0.0,0.0,8476478 (TOR) p=1.00 | 8468598 (NYI) p=1.00 | 8471242 (WSH) p=1.00 | 8476166 (SJS) p=1.00 | T. Barrie (COL) p=1.00 | 8474031 (STL) p=1.00 | 8470966 (CGY) p=1.00 | 8469770 (CGY) p=1.00 | V. Hedman (TBL) p=1.00 | J. Klingberg (DAL) p=1.00 | J. Carlson (WSH) p=1.00 | 8471735 (ARI/NYR) p=1.00
1,65.96404030971678,3.021589233094794,0.05514613743899497,0.5203179028856147,0.5754640403246098,7.980094399622996,4.554810088904215,0.5244757719834875,1.9389181688867336,2.702080345818016,0.0,0.0,0.0,0.0,B. McNabb (LAK) p=1.00 | 8473658 (NSH) p=1.00 | 8467332 (ANA/MTL) p=1.00 | 8475274 (NJD) p=1.00 | 8473560 (TOR) p=1.00 | 8475155 (PIT/ANA) p=0.99 | 8475732 (CAR) p=0.99 | 8476852 (NYI) p=0.99 | 8471482 (WPG) p=0.99 | 8473468 (OTT) p=0.99 | 8475162 (ANA) p=0.99 | 8475430 (PHI) p=0.99
2,68.21036437759423,3.141279146470197,0.10296048294251174,0.4853969035421093,0.588357386484621,4.3474281659385925,5.56452274459699,0.7344569521021134,1.4099041432795671,1.3507823025339811,0.0,0.0,0.0,0.0,8470317 (COL) p=1.00 | 8476403 (ARI/CHI) p=1.00 | 8469760 (ARI/STL) p=1.00 | 8474125 (STL) p=0.99 | 8470104 (MTL) p=0.99 | 8470324 (BUF) p=0.99 | 8473673 (CGY/ARI/DAL) p=0.99 | 8470378 (BUF) p=0.99 | 8471729 (CGY) p=0.99 | 8475613 (MIN) p=0.99 | 8465185 (FLA) p=0.99 | 8473991 (WSH) p=0.99
3,20.47252914297428,4.304650489753672,0.27063643597675674,0.3171393568080637,0.5877757927848204,6.801903564427853,5.007326411498711,0.6376804999759753,1.5740962434005978,3.4732198407342074,0.0,0.0,0.0,0.0,8473415 (VAN) p=1.00 | 8475796 (BUF) p=1.00 | 8470834 (WPG) p=1.00 | 8476989 (STL) p=1.00 | R. Gudas (TBL) p=1.00 | 8474048 (EDM) p=1.00 | 8470054 (MIN) p=1.00 | 8473992 (MIN/CBJ) p=1.00 | 8475869 (EDM) p=1.00 | 8474113 (TOR) p=1.00 | 8475206 (COL) p=0.99 | R. Bortuzzo (PIT/STL) p=0.99
