cluster,soft_size,reg_shots_per60,reg_goals_per60,reg_assists_per60,reg_points_per60,reg_hits_per60,reg_blocked_shots_per60,reg_takeaways_per60,reg_giveaways_per60,reg_pim_per60,reg_pp_share,reg_pk_share,reg_fo_pct,reg_fo_taken_per_game,prototype_players
0,188.719412691365,8.205210494997663,0.9020795709664564,1.337374217803392,2.2394537887698482,2.818128082008082,1.2661967766953734,1.9031156755395247,1.8241044136806275,1.6629131424832335,0.0,0.0,0.0,0.0,H. Sedin (VAN) p=1.00 | J. Thornton (SJS) p=1.00 | K. Aucoin (WSH) p=1.00 | D. Sedin (VAN) p=1.00 | B. Richards (DAL) p=1.00 | A. Ovechkin (WSH) p=1.00 | D. Alfredsson (OTT) p=1.00 | A. Semin (WSH) p=1.00 | J. Spezza (OTT) p=1.00 | A. Hemsky (EDM) p=1.00 | S. Crosby (PIT) p=1.00 | M. St. Louis (TBL) p=1.00
1,35.73592574030285,4.974471003572214,0.28282502964091033,0.6230554340086462,0.9058804636495567,13.737660974744031,1.7383723261750215,0.7465462231760938,1.3155516998549395,22.988434638926645,0.0,0.0,0.0,0.0,C. Janssen (STL) p=1.00 | M. Duco (FLA) p=1.00 | B. McGrattan (CGY) p=1.00 | D. Koci (COL) p=1.00 | J. Rosehill (TOR) p=1.00 | A. Peters (NJD) p=1.00 | R. Ivanans (LAK) p=1.00 | P. Bissonnette (PHX) p=1.00 | Z. Konopka (TBL) p=1.00 | D. Hordichuk (VAN) p=1.00 | F. McLaren (SJS) p=1.00 | C. Orr (TOR) p=1.00
2,84.9521911477906,6.486919155415715,0.540471836466126,0.6985894461852569,1.239061282651383,10.006399528325536,2.3456237496095915,1.3662345185418177,1.1635296810689817,6.513469534829875,0.0,0.0,0.0,0.0,R. Stone (EDM) p=1.00 | C. Thorburn (ATL) p=1.00 | R. Johnson (VAN) p=1.00 | B. Boyle (NYR) p=1.00 | M. Hendricks (COL) p=1.00 | J. Mayers (TOR/CGY) p=1.00 | B. Crombeen (STL) p=1.00 | A. Asham (PHI) p=1.00 | A. Bolduc (VAN) p=1.00 | T. Jackman (NYI) p=1.00 | S. Downie (TBL) p=1.00 | C. Durno (COL) p=1.00
3,185.5924704205416,7.167298827899493,0.6849440307400986,0.8097758043173754,1.4947198350574742,5.545399788841278,1.8596389043222346,1.6204348557189934,1.0144764009048453,1.9182348614197362,0.0,0.0,0.0,0.0,M. Repik (FLA) p=0.99 | G. Latendresse (MIN/MTL) p=0.99 | P. Dupuis (PIT) p=0.99 | M. Darche (MTL) p=0.99 | R. Umberger (CBJ) p=0.99 | A. Anisimov (NYR) p=0.98 | J. Tambellini (NYI) p=0.98 | C. Higgins (NYR/CGY) p=0.98 | B. Dubinsky (NYR) p=0.98 | P. Szczechura (TBL) p=0.98 | S. Bergenheim (NYI) p=0.98 | J. Halpern (TBL/LAK) p=0.98
