cluster,soft_size,reg_shots_per60,reg_goals_per60,reg_assists_per60,reg_points_per60,reg_hits_per60,reg_blocked_shots_per60,reg_takeaways_per60,reg_giveaways_per60,reg_pim_per60,reg_pp_share,reg_pk_share,reg_fo_pct,reg_fo_taken_per_game,prototype_players
0,127.02911842185628,3.708420120621826,0.1603258425591869,0.5562250524659688,0.7165508950251558,3.0154395123813083,3.7724732017360685,0.8666366875232777,1.8685315858776754,2.1492069991007505,0.0,0.0,0.0,0.0,8468509 (DET) p=0.99 | 8465042 (CGY) p=0.98 | 8469534 (CBJ) p=0.98 | 8456283 (COL) p=0.98 | 8458963 (NYR) p=0.98 | 8456547 (CAR) p=0.97 | 8464981 (TBL) p=0.97 | 8460580 (TBL) p=0.97 | 8468105 (STL) p=0.97 | 8467345 (FLA) p=0.97 | 8459144 (PHI/NYI) p=0.97 | 8459645 (PIT/LAK) p=0.97
1,78.08023111876983,5.137696758392752,0.29141365980261624,0.8504647046715814,1.1418783644741974,2.5857028288632162,3.070370103367942,1.0731030078659753,2.3297991223010057,1.773110484124312,0.0,0.0,0.0,0.0,8469919 (NYR) p=1.00 | 8470265 (CHI) p=1.00 | 8448287 (TOR) p=1.00 | 8462032 (CHI) p=1.00 | 8467927 (NSH) p=1.00 | 8469619 (PHI) p=1.00 | 8460561 (MTL) p=1.00 | 8458544 (ANA) p=1.00 | 8469765 (EDM) p=1.00 | 8458517 (NJD) p=1.00 | 8466236 (STL) p=1.00 | 8445550 (COL) p=1.00
2,1.0,3.889489118691156,1.1112826053403302,0.0,1.1112826053403302,6.667695632041982,1.6669239080104954,1.6669239080104954,3.333847816020991,73.90029325513197,0.0,0.0,0.0,0.0,8469044 (VAN/NSH) p=1.00 | 8444919 (NJD) p=0.00 | 8467054 (WSH/CBJ) p=0.00 | 8467343 (COL/ANA) p=0.00 | 8467332 (VAN) p=0.00 | 8467331 (SJS) p=0.00 | 8467319 (CBJ) p=0.00 | 8467304 (ATL) p=0.00 | 8467096 (TBL) p=0.00 | 8466443 (PHX) p=0.00 | 8466211 (NSH) p=0.00 | 8466381 (CBJ) p=0.00
3,61.890650459373916,2.7297882207428312,0.06916483932229497,0.3258913497206182,0.3950561890429131,5.305389581642856,3.954816915333601,0.679615722310323,2.1138038881822268,5.556799785198199,0.0,0.0,0.0,0.0,8459008 (NYI) p=1.00 | 8462148 (NYR) p=1.00 | 8467365 (DAL) p=1.00 | 8459636 (WSH/LAK) p=1.00 | 8467408 (STL) p=1.00 | 8466211 (NSH) p=1.00 | 8460782 (ANA/OTT) p=1.00 | 8467450 (ATL/NSH) p=1.00 | 8460661 (OTT/NSH) p=1.00 | 8469484 (PHX) p=1.00 | 8467915 (CGY) p=1.00 | 8468927 (CGY) p=1.00
