cluster,soft_size,reg_shots_per60,reg_goals_per60,reg_assists_per60,reg_points_per60,reg_hits_per60,reg_blocked_shots_per60,reg_takeaways_per60,reg_giveaways_per60,reg_pim_per60,reg_pp_share,reg_pk_share,reg_fo_pct,reg_fo_taken_per_game,prototype_players
0,31.96316607222919,3.675160839489797,0.19988622209524248,0.35775066076856715,0.5576368828638095,5.939950790306669,4.4672611724375955,0.4698753571093593,1.721316645730162,4.665606945466451,0.0,0.0,0.0,0.0,8467910 (PHX) p=1.00 | 8474531 (SJS) p=1.00 | 8473580 (NJD) p=1.00 | 8467931 (OTT) p=1.00 | 8474611 (COL) p=1.00 | 8473525 (EDM) p=1.00 | 8467304 (ANA) p=1.00 | 8467915 (CBJ) p=1.00 | 8468674 (PIT) p=1.00 | 8470729 (STL) p=1.00 | 8469992 (ANA) p=1.00 | 8474601 (VAN) p=0.99
1,79.28977497529864,3.7627554620971297,0.18177255502904593,0.710700677164637,0.892473232193683,3.0683403137081418,4.399681392777987,1.1390433443401469,1.5245885710410625,1.2561525114556347,0.0,0.0,0.0,0.0,8474063 (NYI) p=1.00 | 8471413 (TBL) p=0.99 | 8473584 (NYI) p=0.99 | 8469665 (ATL) p=0.97 | 8471879 (COL) p=0.96 | 8471686 (NYR) p=0.96 | 8470774 (NYI) p=0.95 | 8471696 (TOR) p=0.95 | 8469492 (CBJ) p=0.94 | 8469465 (VAN) p=0.93 | 8468101 (NYI) p=0.93 | 8473571 (CAR) p=0.92
2,78.70384033711602,2.692873348825981,0.07958070932409102,0.4430824048988665,0.5226631142229576,5.4602400768573185,5.090254247887395,0.7548849060326585,1.3947340918571154,2.332684098354992,0.0,0.0,0.0,0.0,8470672 (COL/MTL) p=1.00 | 8468498 (PIT) p=1.00 | 8460503 (TBL) p=1.00 | 8468534 (ANA) p=1.00 | 8469472 (BUF) p=1.00 | 8468636 (MIN) p=1.00 | 8469476 (CAR) p=1.00 | 8470192 (NYR) p=1.00 | 8460555 (EDM) p=0.99 | 8471269 (DAL) p=0.99 | 8467344 (CGY) p=0.99 | 8470760 (CBJ) p=0.99
3,76.04321861535617,5.171042197599456,0.25847556165972135,0.8857252835275317,1.144200845187253,3.3564044079754214,4.08832775940696,1.1527130467146967,1.850419344022917,1.796368641772587,0.0,0.0,0.0,0.0,8470834 (ATL) p=1.00 | 8474222 (MIN) p=1.00 | 8471742 (NSH) p=1.00 | 8474707 (DAL) p=1.00 | K. Letang (PIT) p=1.00 | 8470378 (OTT) p=1.00 | E. Karlsson (OTT) p=1.00 | 8467856 (DET) p=1.00 | 8468520 (EDM) p=1.00 | T. Hamonic (NYI) p=1.00 | 8470309 (EDM) p=1.00 | 8465009 (BOS) p=1.00
