cluster,soft_size,reg_shots_per60,reg_goals_per60,reg_assists_per60,reg_points_per60,reg_hits_per60,reg_blocked_shots_per60,reg_takeaways_per60,reg_giveaways_per60,reg_pim_per60,reg_pp_share,reg_pk_share,reg_fo_pct,reg_fo_taken_per_game,prototype_players
0,80.42513342883322,5.303791227356626,0.3038673494197028,1.1598240861550708,1.4636914355747737,2.6761774725185106,3.5696107526854854,1.3447615587399644,2.05810099333666,1.1403132605887665,0.0,0.0,0.0,0.0,Z. Jones (NYR) p=1.00 | A. Fox (NYR) p=1.00 | R. Josi (NSH) p=1.00 | C. Makar (COL) p=1.00 | V. Hedman (TBL) p=1.00 | E. Karlsson (SJS) p=1.00 | A. Ekblad (FLA) p=1.00 | A. Pietrangelo (VGK) p=1.00 | J. Carlson (WSH) p=1.00 | O. Power (BUF) p=1.00 | D. Toews (COL) p=1.00 | 8478846 (LAK/BUF) p=1.00
1,117.19877392861405,4.588568888659973,0.1476390389008239,0.5792411475402062,0.7268801864410301,5.746622242998696,4.54523421335321,0.8386014085783795,1.7816400448310419,1.9420842432126413,0.0,0.0,0.0,0.0,8479439 (COL) p=1.00 | S. Walker (LAK) p=1.00 | J. Middleton (SJS/MIN) p=1.00 | 8476449 (CBJ) p=1.00 | I. Cole (CAR) p=1.00 | J. Välimäki (CGY) p=1.00 | E. Cernak (TBL) p=1.00 | 8475625 (WSH) p=1.00 | J. Manson (ANA/COL) p=1.00 | 8479578 (BUF) p=1.00 | B. Smith (CAR) p=0.99 | C. de Haan (CHI) p=0.99
2,81.72911240275181,3.494066370284442,0.16639903009959622,0.6623308706735266,0.8287299007731229,3.791255148532757,4.323497808450979,0.7757647525939514,1.5304652472178248,1.055227522216664,0.0,0.0,0.0,0.0,M. Vlasic (SJS) p=0.97 | C. York (PHI) p=0.97 | C. Ceci (EDM) p=0.96 | 8478567 (CBJ) p=0.96 | S. Girard (COL) p=0.96 | N. Jensen (WSH) p=0.96 | 8471873 (ARI) p=0.96 | C. Tanev (CGY) p=0.95 | T. Sanheim (PHI) p=0.95 | 8475796 (BUF) p=0.95 | B. Dumoulin (PIT) p=0.95 | U. Vaakanainen (BOS/ANA) p=0.95
3,27.646980239800932,3.9806428358163197,0.23881167203360398,0.5592455926789437,0.7980572647125476,8.7832153156315,4.235526689737896,0.4511567128113924,2.0305218852108387,2.938264290393435,0.0,0.0,0.0,0.0,8474697 (NSH) p=1.00 | 8475797 (NYR) p=1.00 | J. Christiansen (CBJ) p=1.00 | 8477433 (NSH) p=1.00 | 8476470 (WPG) p=1.00 | 8481537 (NJD) p=1.00 | J. Ahcan (BOS) p=0.98 | 8475227 (MTL) p=0.98 | J. Edmundson (MTL) p=0.98 | 8479338 (EDM) p=0.97 | 8476807 (NSH) p=0.97 | L. Schenn (VAN) p=0.95
