cluster,soft_size,reg_shots_per60,reg_goals_per60,reg_assists_per60,reg_points_per60,reg_hits_per60,reg_blocked_shots_per60,reg_takeaways_per60,reg_giveaways_per60,reg_pim_per60,reg_pp_share,reg_pk_share,reg_fo_pct,reg_fo_taken_per_game,prototype_players
0,112.02365420322494,4.239406438984091,0.23081295913667885,0.8782042445019066,1.1090172036385855,3.0470232474553964,3.8391398276645314,0.9811327451837404,1.7140107454564897,1.5312814501934504,0.0,0.0,0.0,0.0,B. Rodney (CAR) p=1.00 | J. Demers (SJS) p=1.00 | F. Kuba (OTT) p=1.00 | S. Gonchar (PIT) p=1.00 | T. Kaberle (TOR) p=1.00 | D. Keith (CHI) p=1.00 | A. Edler (VAN) p=1.00 | A. Goligoski (PIT) p=1.00 | T. Myers (BUF) p=0.99 | T. Enstrom (ATL) p=0.99 | M. Zidlicky (MIN) p=0.99 | B. Campbell (CHI) p=0.99
1,81.04799882270973,2.8747050764843065,0.10473169961658427,0.511539584852837,0.6162712844694213,4.872263053442075,4.925480768466874,0.7092241320962906,1.502153599696938,2.337254213077516,0.0,0.0,0.0,0.0,D. Murray (SJS) p=0.99 | J. Hejda (CBJ) p=0.99 | G. Zanon (MIN) p=0.99 | M. Methot (CBJ) p=0.98 | B. Carson (CAR) p=0.98 | C. White (NJD) p=0.98 | R. Polak (STL) p=0.98 | A. Foote (COL) p=0.98 | M. Commodore (CBJ) p=0.98 | A. Volchenkov (OTT) p=0.97 | M. Jurcina (WSH/CBJ) p=0.97 | L. Smid (EDM) p=0.97
2,28.826693635052592,2.931185101516429,0.06038725616240587,0.3558477962195095,0.4162350523819153,6.826614554951995,5.247911449391818,0.6890867641289957,2.168386653397636,5.347874516074168,0.0,0.0,0.0,0.0,M. Corrente (NJD) p=1.00 | D. Arsene (EDM) p=1.00 | T. Peckham (EDM) p=1.00 | C. Stoner (MIN) p=1.00 | O. Tollefsen (PHI) p=1.00 | G. Exelby (TOR) p=1.00 | M. Carkner (OTT) p=1.00 | D. Engelland (PIT) p=1.00 | B. Valabik (ATL) p=1.00 | C. Chelios (ATL) p=0.99 | S. Brookbank (ANA) p=0.99 | M. Komisarek (TOR) p=0.98
3,40.101653339012756,4.270131482178532,0.30686213527840595,0.6162558338482148,0.9231179691266207,4.711687483702432,4.478726959045448,1.24176754291439,1.5762878468171548,2.286760324778571,0.0,0.0,0.0,0.0,D. Byfuglien (CHI) p=1.00 | Y. Weber (MTL) p=1.00 | C. Murphy (NJD) p=1.00 | S. Souray (EDM) p=1.00 | R. Martinek (NYI) p=1.00 | B. Lukowich (VAN) p=1.00 | F. Meyer (NYI) p=1.00 | S. Kronwall (CGY) p=1.00 | M. Popovic (ATL) p=1.00 | A. MacDonald (NYI) p=1.00 | G. Clitsome (CBJ) p=1.00 | D. Reese (NYI) p=1.00
