cluster,soft_size,reg_shots_per60,reg_goals_per60,reg_assists_per60,reg_points_per60,reg_hits_per60,reg_blocked_shots_per60,reg_takeaways_per60,reg_giveaways_per60,reg_pim_per60,reg_pp_share,reg_pk_share,reg_fo_pct,reg_fo_taken_per_game,prototype_players
0,59.22826721283586,4.891653861080219,0.31631039653254317,0.8119180866103872,1.1282284831429303,4.12233365006036,3.639248218857736,0.8703117183490294,2.058565264171565,1.9507186567442107,0.0,0.0,0.0,0.0,B. Burns (SJS) p=1.00 | P. Subban (MTL) p=1.00 | S. Vatanen (ANA) p=1.00 | R. Martinek (NYI) p=1.00 | E. Karlsson (OTT) p=1.00 | M. Gilroy (NYR) p=1.00 | P. Wiercioch (OTT) p=1.00 | M. Scandella (MIN) p=1.00 | D. Byfuglien (WPG) p=1.00 | K. Yandle (PHX) p=1.00 | K. Bieksa (VAN) p=1.00 | K. Letang (PIT) p=1.00
1,8.11601641706848,2.3634723334880254,1.8676227532320605e-06,3.5443252402336083e-56,1.8676227532320605e-06,8.962883962070126,4.037132779645855,0.27422490437544383,2.0276678059545112,10.44744528149524,0.0,0.0,0.0,0.0,S. Bickel (NYR) p=1.00 | M. Borowiecki (OTT) p=1.00 | A. Petrovic (FLA) p=1.00 | N. Yonkman (FLA) p=1.00 | A. Johnson (BOS) p=1.00 | B. Lee (TBL) p=0.97 | C. Summers (PHX) p=0.93 | M. Eaton (PIT) p=0.90 | N. Prosser (MIN) p=0.17 | H. Gill (NSH) p=0.14 | C. Ruhwedel (BUF) p=0.01 | S. Brookbank (CHI) p=0.00
2,122.54719720369691,3.906606464533374,0.1786816722035426,0.6848061035316737,0.8634877757352163,3.2584141251851846,4.3828499317884555,0.8639256104789154,1.4987317513817529,1.1057399237644405,0.0,0.0,0.0,0.0,A. MacDonald (NYI) p=0.99 | A. Greene (NJD) p=0.99 | J. Blum (NSH) p=0.99 | J. Oduya (CHI) p=0.99 | A. Pietrangelo (STL) p=0.99 | K. Klein (NSH) p=0.99 | R. McDonagh (NYR) p=0.99 | S. Salo (TBL) p=0.99 | T. Hickey (NYI) p=0.99 | M. Hunwick (COL) p=0.99 | N. Hjalmarsson (CHI) p=0.98 | R. Josi (NSH) p=0.98
3,70.10851916639875,3.002565480928104,0.0993214649627327,0.46459089622225785,0.5639123611849907,6.571984943946456,5.433531525155701,0.5661243949651945,1.4933725885327271,3.4218335238152306,0.0,0.0,0.0,0.0,M. Carkner (NYI) p=1.00 | A. McQuaid (BOS) p=1.00 | M. Fraser (TOR) p=1.00 | O. Lauridsen (PHI) p=1.00 | M. Weber (BUF) p=1.00 | S. O'Brien (COL) p=1.00 | M. Fistric (EDM) p=1.00 | M. Stuart (WPG) p=1.00 | K. Aulie (TBL) p=1.00 | L. Smid (EDM) p=1.00 | M. Greene (LAK) p=1.00 | R. Bortuzzo (PIT) p=1.00
