cluster,soft_size,reg_shots_per60,reg_goals_per60,reg_assists_per60,reg_points_per60,reg_hits_per60,reg_blocked_shots_per60,reg_takeaways_per60,reg_giveaways_per60,reg_pim_per60,reg_pp_share,reg_pk_share,reg_fo_pct,reg_fo_taken_per_game,prototype_players
0,74.96540470827058,5.197205784039559,0.27739226059257466,1.0266688974330915,1.304061158025666,2.8391665349533324,3.7739262552840107,1.1030694365352924,2.1323314533357367,1.1972371583283854,0.0,0.0,0.0,0.0,E. Karlsson (OTT) p=1.00 | B. Burns (SJS) p=1.00 | K. Letang (PIT) p=1.00 | J. Carlson (WSH) p=1.00 | V. Hedman (TBL) p=1.00 | 8474031 (STL/WSH) p=1.00 | J. Klingberg (DAL) p=1.00 | 8467496 (MTL) p=1.00 | 8476779 (STL/NSH) p=1.00 | Z. Werenski (CBJ) p=1.00 | 8470281 (CHI) p=1.00 | 8476792 (BOS) p=1.00
1,20.164472920783005,3.3753695698026713,0.12790130014380863,0.6104189750338768,0.7383202751776855,9.297366060012886,4.93797724228359,0.49173518311847486,1.3521557022636101,4.914208899421509,0.0,0.0,0.0,0.0,8474697 (OTT) p=1.00 | 8476162 (PIT) p=1.00 | 8475274 (NJD) p=1.00 | 8473565 (WPG) p=1.00 | 8474722 (TBL) p=1.00 | 8475774 (NSH) p=1.00 | 8474774 (NJD/CBJ) p=1.00 | 8470886 (ANA) p=1.00 | 8475868 (NSH) p=1.00 | 8474611 (PIT) p=0.99 | 8473468 (EDM) p=0.99 | S. Mayfield (NYI) p=0.98
2,73.66862617868794,4.3638829183890655,0.15758485682733275,0.4211538035412655,0.5787386603685982,5.975773117178849,3.7739016448747043,0.633612683042246,1.9611778516335696,2.339695383703843,0.0,0.0,0.0,0.0,8477041 (BUF) p=1.00 | C. Miller (BOS) p=1.00 | D. Nurse (EDM) p=1.00 | 8478963 (MTL) p=1.00 | 8475199 (COL) p=1.00 | 8476989 (STL) p=1.00 | J. Hanley (MTL) p=0.99 | B. Smith (DET/NYR) p=0.99 | 8477433 (OTT) p=0.99 | 8476418 (DET) p=0.98 | 8478031 (WPG) p=0.98 | J. Manson (ANA) p=0.98
3,93.20149619225849,3.63990814371006,0.1362258627814802,0.5820336294726235,0.7182594922541036,3.869428780301547,5.210752424913215,0.7733878633090094,1.6546355627477587,1.3663121472226056,0.0,0.0,0.0,0.0,8471729 (EDM) p=1.00 | 8469665 (DAL/CHI) p=1.00 | C. de Haan (NYI) p=1.00 | 8474818 (DAL/MTL) p=1.00 | 8473584 (PHI) p=1.00 | 8476850 (CBJ) p=1.00 | 8471958 (NYR) p=1.00 | C. Tanev (VAN) p=1.00 | 8471769 (CHI) p=1.00 | 8473991 (WSH) p=1.00 | 8472382 (NJD) p=0.99 | J. Johnson (CBJ) p=0.99
