cluster,soft_size,reg_shots_per60,reg_goals_per60,reg_assists_per60,reg_points_per60,reg_hits_per60,reg_blocked_shots_per60,reg_takeaways_per60,reg_giveaways_per60,reg_pim_per60,reg_pp_share,reg_pk_share,reg_fo_pct,reg_fo_taken_per_game,prototype_players
0,1.0,2.7418126428027416,0.0,0.6854531607006854,0.6854531607006854,2.0563594821020565,2.0563594821020565,2.7418126428027416,4.798172124904798,2.7418126428027416,0.0,0.0,0.0,0.0,D. Fata (NYI) p=1.00 | R. Blake (LAK) p=0.00 | T. Daley (DAL) p=0.00 | M. Jurcina (WSH) p=0.00 | Z. Michalek (PHX) p=0.00 | M. Bergeron (NYI/ANA) p=0.00 | D. Wideman (BOS) p=0.00 | K. Dallman (LAK) p=0.00 | S. Brookbank (NJD) p=0.00 | K. Ballard (PHX) p=0.00 | S. Kronwall (TOR) p=0.00 | D. Meech (DET) p=0.00
1,132.0637759104428,2.7070824425467523,0.08104634866995217,0.41162795008621317,0.4926742987561654,4.531452734999372,4.483431543928615,0.8722207996795152,1.4920860667916753,2.7848648620819847,0.0,0.0,0.0,0.0,M. Fistric (DAL) p=1.00 | L. Kukkonen (PHI) p=1.00 | B. Witt (NYI) p=1.00 | A. Johnson (NYI) p=1.00 | V. Vishnevski (NJD) p=1.00 | G. Exelby (ATL) p=1.00 | F. Bouillon (MTL) p=1.00 | S. McCarthy (ATL) p=1.00 | B. Orpik (PIT) p=1.00 | A. Sutton (NYI) p=1.00 | G. Zanon (NSH) p=1.00 | J. McKee (STL) p=1.00
2,117.67863943632852,4.571048556472724,0.2918782566709247,0.8656465933855472,1.157524850056472,3.0001914720215033,3.252079309290311,0.9765060609287226,1.7001681796778383,2.0399128059310034,0.0,0.0,0.0,0.0,M. Schneider (ANA) p=1.00 | B. Burns (MIN) p=1.00 | A. Markov (MTL) p=1.00 | A. Aucoin (CGY) p=1.00 | S. Niedermayer (ANA) p=1.00 | B. Pothier (WSH) p=1.00 | D. Byfuglien (CHI) p=1.00 | K. Yandle (PHX) p=1.00 | J. Leopold (COL) p=1.00 | M. Rozsival (NYR) p=1.00 | A. Meszaros (OTT) p=1.00 | M. Green (WSH) p=1.00
3,13.257584653228664,4.405335172790751,0.12580802374239897,0.5150848503254338,0.6408928740678328,6.207772019917427,3.5271348579866992,0.5371783025523084,2.0737974003915536,11.924871965966096,0.0,0.0,0.0,0.0,B. Valabik (ATL) p=1.00 | W. Brookbank (CAR) p=1.00 | T. Conboy (CAR) p=1.00 | N. McIver (VAN) p=1.00 | M. Roy (EDM) p=1.00 | J. Ericsson (DET) p=1.00 | D. Richmond (CHI) p=1.00 | O. Tollefsen (CBJ) p=1.00 | S. Lepisto (WSH) p=1.00 | A. Semenov (SJS) p=0.98 | K. Bieksa (VAN) p=0.95 | D. Seidenberg (CAR) p=0.83
