cluster,soft_size,reg_shots_per60,reg_goals_per60,reg_assists_per60,reg_points_per60,reg_hits_per60,reg_blocked_shots_per60,reg_takeaways_per60,reg_giveaways_per60,reg_pim_per60,reg_pp_share,reg_pk_share,reg_fo_pct,reg_fo_taken_per_game,prototype_players
0,52.4047670389055,5.547289705845268,0.2782138484318691,0.9024625850304757,1.1806764334623445,3.264709996109904,3.4893591810046907,1.0875025555563933,2.2008359126493184,1.4057401864306132,0.0,0.0,0.0,0.0,8479945 (CBJ) p=1.00 | 8475869 (BUF) p=1.00 | E. Bouchard (EDM) p=1.00 | M. Weegar (FLA) p=1.00 | E. Brannstrom (OTT) p=1.00 | J. Chychrun (ARI) p=1.00 | 8478868 (SJS) p=1.00 | A. Ekblad (FLA) p=0.99 | 8480158 (TBL) p=0.99 | C. Makar (COL) p=0.99 | 8480913 (ARI) p=0.99 | D. Nurse (EDM) p=0.98
1,17.29944477877777,3.245715810548165,0.23557093536420193,0.5321930884840466,0.7677640238482485,7.837805091826769,4.405604157174099,0.21276791795168915,1.9561892190894774,4.586367739644471,0.0,0.0,0.0,0.0,C. Mackey (CGY) p=1.00 | 8476368 (SJS/TBL) p=1.00 | M. Friedman (PIT/PHI) p=1.00 | 8474697 (NSH) p=1.00 | 8478915 (WPG) p=1.00 | L. Schenn (TBL) p=1.00 | 8475613 (PHI) p=0.98 | J. Brown (OTT) p=0.97 | S. Benoit (ANA) p=0.96 | 8474066 (NYI) p=0.96 | 8475868 (NYR) p=0.95 | W. Borgen (BUF) p=0.92
2,123.37339953496155,3.7413930726526323,0.11650260336170527,0.5029077310955646,0.6194103344572699,5.381425399433276,4.44537237601508,0.6198793632433348,1.714697447506302,1.6730247331154973,0.0,0.0,0.0,0.0,C. Clifton (BOS) p=1.00 | N. Zadorov (CHI) p=1.00 | 8476191 (BOS) p=1.00 | 8475625 (BUF) p=1.00 | C. Murphy (CHI) p=1.00 | Z. Whitecloud (VGK) p=1.00 | J. Lauzon (BOS) p=1.00 | 8480467 (LAK) p=1.00 | 8480160 (SJS) p=1.00 | 8475797 (BOS/NSH) p=1.00 | B. McNabb (VGK) p=1.00 | A. Romanov (MTL) p=1.00
3,82.92238864735518,4.883742332925576,0.22058061834217985,0.9269639612370109,1.1475445795791908,2.8396591976058305,3.4763786209191383,0.8652688017425254,1.8221205293581255,1.0950175565041416,0.0,0.0,0.0,0.0,B. Pesce (CAR) p=0.97 | S. Girard (COL) p=0.97 | A. Boqvist (CHI) p=0.96 | T. Smith (NJD) p=0.96 | M. Sergachev (TBL) p=0.96 | 8474602 (WSH) p=0.96 | N. Dobson (NYI) p=0.95 | 8475176 (NSH) p=0.95 | R. Dahlin (BUF) p=0.95 | V. Dunn (STL) p=0.95 | P. Joseph (PIT) p=0.95 | M. Heiskanen (DAL) p=0.95
