cluster,soft_size,reg_shots_per60,reg_goals_per60,reg_assists_per60,reg_points_per60,reg_hits_per60,reg_blocked_shots_per60,reg_takeaways_per60,reg_giveaways_per60,reg_pim_per60,reg_pp_share,reg_pk_share,reg_fo_pct,reg_fo_taken_per_game,prototype_players
0,147.0732012866005,8.560622119382042,1.1027906462183399,1.5727353885021549,2.6755260347204946,3.151232115233671,1.331196058119948,1.9586656904433632,2.2025006508913005,1.4890307397095188,0.0,0.0,0.0,0.0,J. Huberdeau (FLA) p=1.00 | J. Gaudreau (CGY) p=1.00 | A. Panarin (NYR) p=1.00 | T. Bordeleau (SJS) p=1.00 | M. Tkachuk (CGY) p=1.00 | N. Kucherov (TBL) p=1.00 | J. Hughes (NJD) p=1.00 | E. Malkin (PIT) p=1.00 | A. Matthews (TOR) p=1.00 | D. Pastrnak (BOS) p=1.00 | K. Kaprizov (MIN) p=1.00 | C. McDavid (EDM) p=1.00
1,42.79937018247232,5.857418020129698,0.41719808745990544,0.5905439058549267,1.0077419933148322,14.030811661844458,2.4690661531502194,1.174706790465373,1.24389448102825,7.91486542237252,0.0,0.0,0.0,0.0,J. Viel (SJS) p=1.00 | G. Smith (DET) p=1.00 | M. Geertsen (NJD) p=1.00 | L. O'Brien (ARI) p=1.00 | K. MacDermid (COL) p=1.00 | M. Pezzetta (MTL) p=1.00 | J. Gadjovich (SJS) p=1.00 | B. Connolly (CHI) p=1.00 | B. Lemieux (LAK) p=1.00 | B. Duhaime (MIN) p=1.00 | Z. MacEwen (PHI) p=1.00 | P. Kelly (OTT) p=1.00
2,212.37652792327287,6.923176326361435,0.734757638620417,1.0199240752904415,1.7546817139108586,3.8532959595055685,1.7122811069903694,1.628433004100597,1.4051467493117735,1.1803254559044842,0.0,0.0,0.0,0.0,M. Janmark (VGK) p=0.99 | A. Wennberg (SEA) p=0.99 | T. Blueger (PIT) p=0.99 | G. Nyquist (CBJ) p=0.99 | E. Robinson (CBJ) p=0.98 | S. Steel (ANA) p=0.98 | K. Kakko (NYR) p=0.98 | T. Tatar (NJD) p=0.98 | O. Palat (TBL) p=0.98 | J. Evans (MTL) p=0.98 | M. Geekie (SEA) p=0.98 | C. Coyle (BOS) p=0.98
3,164.75090060765424,6.343083138718404,0.5790181818098942,0.6244077586658028,1.2034259404756968,8.775438741391536,2.379954769890682,1.3662848865887727,1.2315694287342331,2.4144577192726246,0.0,0.0,0.0,0.0,K. Reichel (WPG) p=1.00 | B. Gaunce (CBJ) p=1.00 | A. Greer (NJD) p=1.00 | T. Motte (VAN/NYR) p=1.00 | S. Ranta (COL) p=1.00 | M. Kastelic (OTT) p=1.00 | P. Cotter (VGK) p=0.99 | N. Bonino (SJS) p=0.99 | W. Carrier (VGK) p=0.99 | O. Wahlstrom (NYI) p=0.99 | G. Mayhew (PHI/ANA) p=0.99 | S. Reedy (SJS) p=0.99
