cluster,soft_size,reg_shots_per60,reg_goals_per60,reg_assists_per60,reg_points_per60,reg_hits_per60,reg_blocked_shots_per60,reg_takeaways_per60,reg_giveaways_per60,reg_pim_per60,reg_pp_share,reg_pk_share,reg_fo_pct,reg_fo_taken_per_game,prototype_players
0,47.78589540862894,4.4402298887348115,0.257443529029528,0.7554153424352522,1.0128588714647802,3.2552976885673743,3.318959572043144,1.7018403611697204,2.4110401945593676,1.6670715992910943,0.0,0.0,0.0,0.0,S. Niedermayer (NJD) p=1.00 | T. Numminen (PHX) p=1.00 | K. Jonsson (NYI) p=1.00 | A. Delmore (NSH) p=1.00 | G. De Vries (COL) p=1.00 | B. Sopel (VAN) p=1.00 | S. Zubov (DAL) p=1.00 | B. Rafalski (NJD) p=1.00 | T. Poti (EDM/NYR) p=1.00 | T. Gill (COL) p=1.00 | A. Markov (MTL) p=1.00 | C. Johansson (WSH) p=1.00
1,86.07639799706294,3.012366054534747,0.08827031194122091,0.33117095490601006,0.41944126684723104,6.3482549574370255,4.350902565033616,0.9035235131475531,2.1797984301007385,3.2386068003654906,0.0,0.0,0.0,0.0,A. Karpovtsev (CHI) p=1.00 | K. Sutton (NYI) p=1.00 | B. Bombardir (MIN) p=1.00 | L. Benysek (MIN) p=1.00 | T. Reirden (ATL) p=1.00 | K. Daneyko (NJD) p=1.00 | J. McKee (BUF) p=1.00 | D. Karpa (NYR) p=1.00 | R. Regehr (CGY) p=1.00 | R. Klesla (CBJ) p=1.00 | C. Leschyshyn (OTT) p=1.00 | J. Smith (EDM) p=1.00
2,36.19376197654806,3.235760553500995,0.1726559871985237,0.5174258548418765,0.6900818420404004,8.675838926832393,2.9256753343850637,0.7938860396363433,2.346391816250452,8.109796697794446,0.0,0.0,0.0,0.0,D. Purinton (NYR) p=1.00 | J. Jakopin (PIT) p=1.00 | P. Laus (FLA) p=1.00 | J. Strudwick (VAN) p=1.00 | S. Montador (CGY) p=1.00 | T. Kloucek (NYR) p=1.00 | B. Norton (FLA) p=1.00 | E. Cairns (NYI) p=1.00 | S. Brown (EDM/BOS) p=1.00 | R. Pilon (STL) p=1.00 | S. Heins (SJS) p=1.00 | J. Erskine (DAL) p=1.00
3,85.94394461776007,4.0949302633929,0.1891692676044716,0.655311240093137,0.8444805076976086,4.190031132079136,3.5385523496136986,0.9625449658724538,2.155302526892757,1.865354301178803,0.0,0.0,0.0,0.0,G. Suter (SJS) p=1.00 | P. Boucher (LAK) p=1.00 | W. Redden (OTT) p=0.99 | T. Lydman (CGY) p=0.99 | D. Tarnstrom (NYI) p=0.99 | Y. Tremblay (ATL) p=0.99 | M. Rozsival (PIT) p=0.99 | J. York (ANA) p=0.99 | R. Hamrlik (NYI) p=0.99 | S. Salo (OTT) p=0.99 | A. Zhitnik (BUF) p=0.98 | A. Khavanov (STL) p=0.98
