cluster,soft_size,reg_shots_per60,reg_goals_per60,reg_assists_per60,reg_points_per60,reg_hits_per60,reg_blocked_shots_per60,reg_takeaways_per60,reg_giveaways_per60,reg_pim_per60,reg_pp_share,reg_pk_share,reg_fo_pct,reg_fo_taken_per_game,prototype_players
0,86.68419463401719,4.61058615446935,0.2669109341429171,0.8934318464864368,1.1603427806293538,2.360902587073762,4.074244540276301,1.1223890400225927,3.3793724860508307,1.1713711342278474,0.0,0.0,0.0,0.0,T. Chabot (OTT) p=0.99 | K. Letang (PIT) p=0.99 | M. Heiskanen (DAL) p=0.99 | O. Zellweger (ANA) p=0.99 | G. Forsling (FLA) p=0.98 | S. Malinski (COL) p=0.98 | O. Power (BUF) p=0.98 | M. Ekholm (EDM) p=0.98 | B. Skjei (NSH) p=0.98 | D. Toews (COL) p=0.98 | J. LaCombe (ANA) p=0.98 | N. Pionk (WPG) p=0.98
1,115.24899446670166,3.1481617769459955,0.15400957231421827,0.5771665536404679,0.7311761259546863,3.5226526040722854,4.897398541787877,0.8498221502434137,3.0902797852595656,1.2894950696751892,0.0,0.0,0.0,0.0,M. Anderson (LAK) p=1.00 | J. Harris (CBJ) p=1.00 | J. Middleton (MIN) p=0.99 | M. Samuelsson (BUF) p=0.99 | C. Ceci (SJS/DAL) p=0.99 | B. McNabb (VGK) p=0.99 | J. Oleksiak (SEA) p=0.99 | W. Borgen (NYR/SEA) p=0.99 | R. Lindgren (NYR/COL) p=0.99 | A. Larsson (SEA) p=0.99 | A. Zub (OTT) p=0.99 | H. Thrun (SJS) p=0.99
2,29.430579750405123,5.567968726127871,0.3929892208154145,1.131221830810404,1.5242110516258185,2.197866940958288,3.397849260016301,1.118587686333466,4.086538134892754,1.2354532276942325,0.0,0.0,0.0,0.0,S. Casey (NJD) p=1.00 | L. Mailloux (MTL) p=1.00 | H. Lindholm (BOS) p=1.00 | C. Makar (COL) p=1.00 | S. Morrow (CAR) p=1.00 | D.Jiricek (MIN/CBJ) p=1.00 | S. Rinzel (CHI) p=1.00 | Q. Hughes (VAN) p=0.98 | J. Chychrun (WSH) p=0.96 | S. Theodore (VGK) p=0.96 | D. Hamilton (NJD) p=0.95 | E. Bouchard (EDM) p=0.94
3,55.63623114887601,3.612621610139772,0.06952402131726765,0.506228407177404,0.5757524284946716,7.041847359026627,4.849254947568725,0.8091932990006732,3.370382876923046,3.501848581180531,0.0,0.0,0.0,0.0,M. Lamoureux (UTA) p=1.00 | M. Friedman (VAN) p=1.00 | D. Gilbert (BUF/OTT) p=1.00 | K. Burroughs (LAK) p=1.00 | J. Brown (EDM) p=1.00 | D. McIlrath (WSH) p=1.00 | R. Bortuzzo (UTA) p=1.00 | A. Xhekaj (MTL) p=1.00 | A. Englund (NSH/LAK) p=1.00 | J. Lauzon (NSH) p=1.00 | T. Tucker (STL) p=1.00 | E. Lilleberg (TBL) p=1.00
