cluster,soft_size,reg_shots_per60,reg_goals_per60,reg_assists_per60,reg_points_per60,reg_hits_per60,reg_blocked_shots_per60,reg_takeaways_per60,reg_giveaways_per60,reg_pim_per60,reg_pp_share,reg_pk_share,reg_fo_pct,reg_fo_taken_per_game,prototype_players
0,95.88902082011315,4.678895377925799,0.22442642147866193,0.8929443399125646,1.1173707613912265,3.122814164636519,3.7799812361235237,1.045203694056177,1.790813614630741,1.503153572737705,0.0,0.0,0.0,0.0,8459424 (PHI) p=1.00 | 8470834 (WPG) p=1.00 | E. Karlsson (OTT) p=1.00 | B. Smith (DET) p=1.00 | 8465009 (BOS) p=1.00 | K. Letang (PIT) p=1.00 | 8474134 (MTL) p=1.00 | 8471735 (PHX) p=1.00 | 8467096 (SJS) p=1.00 | 8474031 (STL) p=1.00 | 8469765 (TBL) p=1.00 | 8469598 (VAN) p=1.00
1,28.194307802551013,4.12921740367952,0.23710027189669353,0.29748994304293047,0.5345902149396241,6.066490026175679,4.407210963031787,0.5910157916100367,1.6009270157688393,4.12537879123865,0.0,0.0,0.0,0.0,8475248 (NJD) p=1.00 | 8474772 (NYR) p=1.00 | 8470317 (ANA) p=1.00 | 8474518 (LAK) p=1.00 | 8467365 (WSH) p=1.00 | 8468213 (SJS) p=1.00 | 8473459 (WPG) p=1.00 | 8474631 (PHI) p=1.00 | 8470310 (VAN) p=1.00 | 8474163 (PHI) p=1.00 | 8472262 (CGY) p=0.99 | 8474113 (BUF) p=0.99
2,55.609753846070646,4.026598232347451,0.23968588611679492,0.651392595354894,0.8910784814716889,3.4443993693231425,4.4933189197777486,0.792877773419796,1.2628964294843172,1.0339050695975656,0.0,0.0,0.0,0.0,8468509 (DET) p=0.99 | 8474000 (MIN/BOS) p=0.99 | 8474520 (FLA) p=0.99 | 8470780 (WPG) p=0.98 | 8470685 (BUF/VAN) p=0.98 | 8470774 (TBL) p=0.97 | O. Ekman-Larsson (PHX) p=0.97 | 8474628 (PHX) p=0.96 | R. Josi (NSH) p=0.96 | 8467917 (BUF) p=0.96 | 8471729 (STL/CBJ) p=0.95 | 8474164 (NSH) p=0.94
3,83.3069175312652,2.7747807760095364,0.07534917032692522,0.4476977108701017,0.5230468811970268,5.584484060209905,5.2495042370264455,0.7732335292315047,1.5139607287845023,2.1557057896786977,0.0,0.0,0.0,0.0,8469460 (TOR) p=1.00 | 8465042 (ANA) p=1.00 | 8471269 (DAL/PHI) p=0.99 | 8467332 (CAR) p=0.99 | 8470672 (COL) p=0.99 | 8468498 (PIT) p=0.99 | 8473992 (MIN) p=0.99 | 8467344 (BUF) p=0.99 | 8475613 (MIN) p=0.99 | 8465210 (TBL/PHI) p=0.99 | 8468501 (NJD) p=0.99 | 8465005 (SJS) p=0.99
