cluster,soft_size,reg_shots_per60,reg_goals_per60,reg_assists_per60,reg_points_per60,reg_hits_per60,reg_blocked_shots_per60,reg_takeaways_per60,reg_giveaways_per60,reg_pim_per60,reg_pp_share,reg_pk_share,reg_fo_pct,reg_fo_taken_per_game,prototype_players
0,121.35306616971474,4.898087990574957,0.2895051260946385,0.8201436627485035,1.109648788843142,3.3280910914091777,3.9611628524825333,1.0614903814174517,1.8672349543243985,1.2605624642238515,0.0,0.0,0.0,0.0,S. Percy (TOR) p=1.00 | L. Visnovsky (NYI) p=1.00 | M. Green (WSH) p=1.00 | T. Fedun (SJS) p=1.00 | T. Barrie (COL) p=1.00 | K. Shattenkirk (STL) p=1.00 | M. Giordano (CGY) p=1.00 | D. Wideman (CGY) p=1.00 | V. Hedman (TBL) p=1.00 | J. Klingberg (DAL) p=1.00 | J. Carlson (WSH) p=1.00 | K. Yandle (ARI/NYR) p=1.00
1,65.96404030971678,3.021589233094794,0.05514613743899497,0.5203179028856147,0.5754640403246098,7.980094399622996,4.554810088904215,0.5244757719834875,1.9389181688867336,2.702080345818016,0.0,0.0,0.0,0.0,B. McNabb (LAK) p=1.00 | V. Bartley (NSH) p=1.00 | B. Allen (ANA/MTL) p=1.00 | S. Helgeson (NJD) p=1.00 | K. Holzer (TOR) p=1.00 | S. Despres (PIT/ANA) p=0.99 | D. Biega (CAR) p=0.99 | G. Reinhart (NYI) p=0.99 | G. Clitsome (WPG) p=0.99 | E. Gryba (OTT) p=0.99 | M. Clark (ANA) p=0.99 | B. Manning (PHI) p=0.99
2,68.21036437759423,3.141279146470197,0.10296048294251174,0.4853969035421093,0.588357386484621,4.3474281659385925,5.56452274459699,0.7344569521021134,1.4099041432795671,1.3507823025339811,0.0,0.0,0.0,0.0,N. Guenin (COL) p=1.00 | K. Dahlbeck (ARI/CHI) p=1.00 | Z. Michalek (ARI/STL) p=1.00 | C. Gunnarsson (STL) p=0.99 | T. Gilbert (MTL) p=0.99 | J. Gorges (BUF) p=0.99 | D. Schlemko (CGY/ARI/DAL) p=0.99 | A. Benoit (BUF) p=0.99 | K. Russell (CGY) p=0.99 | N. Prosser (MIN) p=0.99 | W. Mitchell (FLA) p=0.99 | K. Alzner (WSH) p=0.99
3,20.47252914297428,4.304650489753672,0.27063643597675674,0.3171393568080637,0.5877757927848204,6.801903564427853,5.007326411498711,0.6376804999759753,1.5740962434005978,3.4732198407342074,0.0,0.0,0.0,0.0,A. Biega (VAN) p=1.00 | M. Pysyk (BUF) p=1.00 | D. Byfuglien (WPG) p=1.00 | P. Lindbohm (STL) p=1.00 | R. Gudas (TBL) p=1.00 | K. Aulie (EDM) p=1.00 | K. Ballard (MIN) p=1.00 | J. Falk (MIN/CBJ) p=1.00 | B. Davidson (EDM) p=1.00 | T. Brennan (TOR) p=1.00 | S. Elliott (COL) p=0.99 | R. Bortuzzo (PIT/STL) p=0.99
