cluster,soft_size,reg_shots_per60,reg_goals_per60,reg_assists_per60,reg_points_per60,reg_hits_per60,reg_blocked_shots_per60,reg_takeaways_per60,reg_giveaways_per60,reg_pim_per60,reg_pp_share,reg_pk_share,reg_fo_pct,reg_fo_taken_per_game,prototype_players
0,104.3035059746602,5.546561622343868,0.43911032430339014,0.6272691916675756,1.0663795159709655,5.153463104844349,2.8291061033398446,1.534243798644254,0.938096205430889,1.4443562598119901,0.0,0.0,0.0,0.0,8474009 (PIT) p=1.00 | 8470611 (PIT) p=1.00 | 8470778 (DET) p=1.00 | M. Rantanen (COL) p=1.00 | 8474727 (TOR/SJS) p=1.00 | C. Stephenson (WSH) p=1.00 | 8470159 (ARI) p=1.00 | 8477460 (ARI) p=1.00 | 8474096 (SJS/TOR) p=1.00 | 8470750 (COL) p=1.00 | 8477930 (PHI) p=1.00 | 8476894 (TOR) p=1.00
1,80.68089055252725,5.591808980523783,0.380081709615219,0.5450420328352646,0.9251237424504838,13.50038565432376,2.234521287852122,1.0307597174192107,1.1261737837628805,6.797487163251434,0.0,0.0,0.0,0.0,8473722 (ARI/MTL) p=1.00 | 8471766 (CBJ) p=1.00 | 8467493 (OTT) p=1.00 | 8471703 (ARI) p=1.00 | 8474736 (BOS) p=1.00 | 8475292 (BOS) p=1.00 | 8471371 (SJS/MTL) p=1.00 | 8475178 (EDM) p=1.00 | 8474230 (SJS) p=1.00 | G. Hathaway (CGY) p=1.00 | 8474061 (WPG) p=1.00 | 8475650 (CGY) p=1.00
2,121.13771649224984,7.269380586106573,0.7005415557927077,0.8111984611281869,1.5117400169208945,7.4131684395609,1.7179062084776395,1.3249462846371993,1.3183789118003262,2.3367898070652773,0.0,0.0,0.0,0.0,E. Kane (BUF) p=1.00 | A. Ovechkin (WSH) p=1.00 | C. Kreider (NYR) p=0.99 | 8476293 (PIT) p=0.99 | 8470606 (LAK) p=0.99 | 8462038 (ARI) p=0.99 | D. Perron (PIT/ANA) p=0.99 | 8474625 (BOS) p=0.99 | B. Jenner (CBJ) p=0.99 | 8478373 (TOR) p=0.99 | 8471691 (ARI) p=0.99 | 8474250 (OTT) p=0.99
3,205.87788698056272,7.604988958747261,0.846109936458516,1.179163745738937,2.0252736821974526,2.930954531986892,1.4930691242409966,1.7549251051895502,1.6464074553899242,1.298861874134653,0.0,0.0,0.0,0.0,8466138 (SJS) p=1.00 | D. Pastrnak (BOS) p=1.00 | 8475744 (WSH) p=1.00 | J. Tavares (NYI) p=1.00 | C. McDavid (EDM) p=1.00 | 8469455 (DAL) p=1.00 | 8476346 (CGY) p=1.00 | J. Skinner (CAR) p=1.00 | M. Stone (OTT) p=1.00 | C. Brown (TOR) p=1.00 | D. Ryan (CAR) p=1.00 | 8474053 (SJS) p=1.00
