cluster,soft_size,reg_shots_per60,reg_goals_per60,reg_assists_per60,reg_points_per60,reg_hits_per60,reg_blocked_shots_per60,reg_takeaways_per60,reg_giveaways_per60,reg_pim_per60,reg_pp_share,reg_pk_share,reg_fo_pct,reg_fo_taken_per_game,prototype_players
0,230.46306637243032,7.567714223794819,0.8313768765571395,1.2007940441604605,2.0321709207175997,3.0916533117404774,1.4747160736957365,1.8432879607391386,1.5821534416821397,1.4087292643712124,0.0,0.0,0.0,0.0,T. Seguin (DAL) p=1.00 | C. Smith (NSH) p=1.00 | J. Eberle (EDM) p=1.00 | J. Tavares (NYI) p=1.00 | M. Hossa (CHI) p=1.00 | H. Zetterberg (DET) p=1.00 | A. Hemsky (EDM/OTT) p=1.00 | J. Spezza (OTT) p=1.00 | P. Datsyuk (DET) p=1.00 | R. Nugent-Hopkins (EDM) p=1.00 | M. St. Louis (TBL/NYR) p=1.00 | R. Strome (NYI) p=1.00
1,60.113097668309265,5.166467708774359,0.2861041866202442,0.41477483367675455,0.7008790202969989,14.211576220099792,2.4871361232941798,0.8462372824660213,0.8263368647429365,11.41695753369427,0.0,0.0,0.0,0.0,G. Parros (MTL) p=1.00 | J. Rosehill (PHI) p=1.00 | F. McLaren (TOR) p=1.00 | E. Boulton (NYI) p=1.00 | M. Kassian (OTT) p=1.00 | T. Sestito (VAN) p=1.00 | C. Orr (TOR) p=1.00 | T. Jackman (ANA/CGY) p=1.00 | J. Scott (BUF) p=1.00 | Z. Rinaldo (PHI) p=1.00 | L. Gazdic (EDM) p=1.00 | R. Clune (NSH) p=1.00
2,72.32927539939236,6.636066986999073,0.6132098272058458,0.7323173334824454,1.3455271606882913,8.80606161717387,2.0631586679883904,1.4707226211294462,1.2300581715523322,4.706262488943985,0.0,0.0,0.0,0.0,J. Morin (CHI) p=1.00 | B. Jones (CGY) p=1.00 | P. Cormier (WPG) p=1.00 | W. Acton (EDM) p=1.00 | R. Garbutt (DAL) p=1.00 | Z. Kassian (VAN) p=1.00 | S. Downie (PHI/COL) p=1.00 | C. Janssen (NJD) p=1.00 | J. Skille (CBJ) p=1.00 | A. Desjardins (SJS) p=1.00 | H. Zolnierczyk (PIT) p=1.00 | D. Weise (VAN/MTL) p=1.00
3,147.094560559868,6.466214289521733,0.5435451182626728,0.7368553777674821,1.280400496030155,6.511468499555251,2.13482856413114,1.4012760691967336,0.9392100958030326,1.8093170192788002,0.0,0.0,0.0,0.0,Z. Girgensons (BUF) p=0.99 | L. Korpikoski (PHX) p=0.99 | M. Goc (FLA/PIT) p=0.99 | J. Abdelkader (DET) p=0.99 | T. Mitchell (MIN/BUF) p=0.99 | N. Thompson (TBL) p=0.99 | C. Cizikas (NYI) p=0.99 | D. Jones (CGY) p=0.99 | D. Moss (PHX) p=0.99 | S. Bernier (NJD) p=0.98 | R. Callahan (NYR/TBL) p=0.98 | T. Galiardi (CGY) p=0.98
