cluster,soft_size,reg_shots_per60,reg_goals_per60,reg_assists_per60,reg_points_per60,reg_hits_per60,reg_blocked_shots_per60,reg_takeaways_per60,reg_giveaways_per60,reg_pim_per60,reg_pp_share,reg_pk_share,reg_fo_pct,reg_fo_taken_per_game,prototype_players
0,129.82659079989915,8.03353189779194,1.1782844876261738,1.5178498620752752,2.6961343497014485,3.2704420266224554,1.5656376097433735,1.0443641376969095,3.549657038128723,1.7109043075764467,0.0,0.0,0.0,0.0,8483630 (SJS) p=1.00 | N. MacKinnon (COL) p=1.00 | N. Kucherov (TBL) p=1.00 | D. Pastrnak (BOS) p=1.00 | M. Celebrini (SJS) p=1.00 | C. McDavid (EDM) p=1.00 | B. Tkachuk (OTT) p=1.00 | M. Rantanen (DAL) p=1.00 | C. Bedard (CHI) p=1.00 | J. Eichel (VGK) p=1.00 | J. Hughes (NJD) p=1.00 | E. Malkin (PIT) p=1.00
1,219.71291367567508,6.2123799024091975,0.7238046502038404,1.0425048981885268,1.7663095483923672,4.05712322231901,2.1192061177529555,0.9326971394648768,2.6478205551054668,1.26892856858165,0.0,0.0,0.0,0.0,A. Lafrenière (NYR) p=0.99 | J. Snuggerud (STL) p=0.99 | N. Paul (TBL) p=0.99 | M. Amadio (OTT) p=0.99 | A. Wennberg (SJS) p=0.98 | P. Suter (STL) p=0.98 | E. Luostarinen (FLA) p=0.98 | A. Duclair (NYI) p=0.98 | M. Rossi (MIN/VAN) p=0.98 | S. Holmstrom (NYI) p=0.98 | M. Frost (CGY) p=0.98 | F. Zetterlund (OTT) p=0.98
2,11.816253546659691,4.773804375900076,0.3386657254034997,1.0521290733208235,1.3907947987243232,15.76261155910553,2.8849851259566615,0.6172302548876768,2.76502580928266,15.607208361213205,0.0,0.0,0.0,0.0,8480876 (TBL) p=1.00 | S. Sabourin (TBL) p=1.00 | K. MacDermid (OTT) p=1.00 | J. Viel (BOS) p=1.00 | R. Johnston (ANA) p=1.00 | N. Deslauriers (PHI) p=0.99 | 8476907 (VAN) p=0.96 | A. Klapka (CGY) p=0.90 | K. Kapanen (EDM) p=0.67 | R. Lomberg (CGY) p=0.66 | J. Melanson (SEA) p=0.50 | 8484230 (STL) p=0.32
3,128.64424197776606,5.297249193009128,0.5303253257332623,0.5717757353645531,1.1021010610978155,10.990986395122505,2.864930438603444,0.6996018512564169,2.4788039520529432,3.1643037669492133,0.0,0.0,0.0,0.0,P. Ford (WPG) p=1.00 | M. Kastelic (BOS) p=1.00 | C. Grundstrom (PHI) p=1.00 | B. Halonen (NJD) p=1.00 | A. Steeves (BOS) p=1.00 | A. Kerfoot (UTA) p=1.00 | S. Carrick (NYR) p=1.00 | J. Dunne (BUF) p=1.00 | J. Finley (TBL) p=1.00 | 8483513 (NSH) p=1.00 | L. Slaggert (CHI) p=1.00 | J. Anderson (MTL) p=1.00
