cluster,soft_size,reg_shots_per60,reg_goals_per60,reg_assists_per60,reg_points_per60,reg_hits_per60,reg_blocked_shots_per60,reg_takeaways_per60,reg_giveaways_per60,reg_pim_per60,reg_pp_share,reg_pk_share,reg_fo_pct,reg_fo_taken_per_game,prototype_players
0,119.9521442705935,7.149425492991097,0.6616517758193958,0.6814491746079737,1.3431009504273699,8.446529075303415,1.729512239431417,1.3031827267834881,1.3393531518719182,2.857935938209628,0.0,0.0,0.0,0.0,C. Fischer (ARI) p=1.00 | E. Kane (BUF) p=1.00 | P. Maroon (EDM) p=1.00 | J. Archibald (PIT) p=1.00 | T. Pitlick (EDM) p=1.00 | R. Hartman (CHI) p=1.00 | W. Simmonds (PHI) p=1.00 | P. Di Giuseppe (CAR) p=1.00 | A. Ovechkin (WSH) p=1.00 | N. Baptiste (BUF) p=1.00 | A. Lee (NYI) p=1.00 | J. Anderson (CBJ) p=1.00
1,41.82235098866001,4.946989831131272,0.2963278393721427,0.5196727350079946,0.8160005743801371,12.625335528473768,3.353536962044712,1.2477427877263652,0.8306930699338161,8.694169579095924,0.0,0.0,0.0,0.0,C. McLeod (NSH/COL) p=1.00 | C. Bass (NSH) p=1.00 | J. Boll (ANA) p=1.00 | K. Gabriel (MIN) p=1.00 | T. Sestito (PIT) p=1.00 | J. LaBate (VAN) p=1.00 | M. Haley (SJS) p=1.00 | D. Dorsett (VAN) p=1.00 | M. Salomaki (NSH) p=1.00 | C. Thorburn (WPG) p=1.00 | P. Thompson (FLA) p=1.00 | M. Martin (TOR) p=1.00
2,135.50780279101892,5.942923708126897,0.5393792296112058,0.711255752695018,1.250634982306224,5.255057810663267,2.40584558038108,1.521370174778184,1.0901082982626848,1.4485131387622454,0.0,0.0,0.0,0.0,J. Compher (COL) p=0.99 | N. Bonino (PIT) p=0.99 | J. Martinook (ARI) p=0.99 | E. Fehr (PIT/TOR) p=0.99 | K. Brodziak (STL) p=0.99 | M. Karlsson (SJS) p=0.99 | T. Motte (CHI) p=0.99 | D. Rasmussen (CHI) p=0.99 | D. Shore (DAL) p=0.99 | T. Pyatt (OTT) p=0.98 | P. Bellemare (PHI) p=0.98 | C. Cizikas (NYI) p=0.97
3,214.7177019497276,7.556503410770195,0.8346406629786284,1.2163473536942806,2.050988016672909,2.7617546406712283,1.5175573029330096,1.9514655885449155,1.8704315316674835,1.3215707508631107,0.0,0.0,0.0,0.0,P. Carey (WSH) p=1.00 | C. Conacher (TBL) p=1.00 | M. Marner (TOR) p=1.00 | N. Backstrom (WSH) p=1.00 | L. Draisaitl (EDM) p=1.00 | J. Gaudreau (CGY) p=1.00 | J. Leivo (TOR) p=1.00 | P. Cehlarik (BOS) p=1.00 | J. Thornton (SJS) p=1.00 | C. McDavid (EDM) p=1.00 | K. Hayes (NYR) p=1.00 | M. Stone (OTT) p=1.00
