cluster,soft_size,reg_shots_per60,reg_goals_per60,reg_assists_per60,reg_points_per60,reg_hits_per60,reg_blocked_shots_per60,reg_takeaways_per60,reg_giveaways_per60,reg_pim_per60,reg_pp_share,reg_pk_share,reg_fo_pct,reg_fo_taken_per_game,prototype_players
0,95.91219743428599,4.735319596328203,0.28558623014505025,0.8713795329852299,1.1569657631302799,3.8204636748109007,3.1856784309660258,1.2321534120939848,2.596690358528847,1.8324413178896444,0.0,0.0,0.0,0.0,A. Macinnis (STL) p=1.00 | S. Gonchar (WSH) p=1.00 | N. Lidstrom (DET) p=1.00 | R. Bourque (COL) p=1.00 | B. Rafalski (NJD) p=1.00 | R. Blake (LAK/COL) p=1.00 | J. Girard (BOS) p=1.00 | B. Leetch (NYR) p=1.00 | O. Tverdovsky (ANA) p=1.00 | S. Niedermayer (NJD) p=1.00 | S. Ozolinsh (CAR) p=1.00 | P. Housley (CGY) p=1.00
1,39.71510370030467,3.4641442783744436,0.13246667565806933,0.4308349210385425,0.5633015966966118,9.08355445324288,3.2380730367640536,1.0353084725811834,2.049470833829095,7.081212646559071,0.0,0.0,0.0,0.0,R. Schultz (NYI) p=1.00 | D. Purinton (NYR) p=1.00 | K. Kudroc (TBL) p=1.00 | P. Buzek (ATL) p=1.00 | P. Laus (FLA) p=1.00 | R. Berry (COL) p=1.00 | S. Heins (SJS) p=1.00 | M. Wilson (FLA) p=1.00 | K. Astashenko (TBL) p=1.00 | R. Zettler (WSH) p=1.00 | D. Rumble (STL) p=1.00 | S. Helenius (DAL) p=1.00
2,43.470021305672404,3.2478770247691613,0.14061597953720847,0.606495784529024,0.7471117640662325,3.445355382265242,4.902090956444509,1.1588060987969235,2.7718974687792097,2.1554349900578287,0.0,0.0,0.0,0.0,F. Musil (EDM) p=1.00 | I. Ulanov (EDM) p=1.00 | B. Bombardir (MIN) p=1.00 | D. Shannon (MTL) p=1.00 | S. Gusev (TBL) p=1.00 | J. Norton (PIT/SJS) p=1.00 | R. Persson (OTT) p=1.00 | A. Karpovtsev (CHI) p=0.99 | B. Muir (TBL/COL) p=0.99 | H. Jonsson (PIT) p=0.99 | S. Souray (MTL) p=0.96 | E. Weinrich (MTL/BOS) p=0.95
3,95.90267755973696,2.893708525389486,0.11323918163903642,0.39324343589755323,0.5064826175365896,6.80553655956261,3.9857605750161342,1.0294103875424419,2.184075690720445,3.3439004025717534,0.0,0.0,0.0,0.0,J. Cullimore (TBL) p=0.99 | K. Daneyko (NJD) p=0.99 | A. Burt (ATL) p=0.99 | B. Salvador (STL) p=0.99 | S. Neckar (PHX/TBL) p=0.99 | N. Pratt (COL) p=0.99 | B. Ference (FLA) p=0.99 | J. Allison (CHI) p=0.99 | A. Berg (LAK/TOR) p=0.99 | C. Leschyshyn (MIN/OTT) p=0.99 | R. Regehr (CGY) p=0.99 | C. Tamer (ATL) p=0.99
